INLINE NewItemTable,Name,Description,Use Desc,ID,Type,ItemAbility,Stat Boosts,Effectiveness,Uses,Mt,Hit,Wt,Crit,Range,Price Per Use,Weapon Level,Icon,Use Effect,Weapon Effect,Weapon EXP,Debuff Type,IER Byte,Item Skill
Nothing,0x0,0x0,0x0,0x0,0x0,0x0,0x0,0x0,0,0,0,0,0,0x0,0,NoRank,0x0,0x0,NoEffect,0,0x0,0x0,0x0
Iron Sword,0x354,EmptyDesc,0x0,IronSword,Sword,IsWeapon,0x0,0x0,40,6,90,6,0,0x11,10,DRank,0x0,0x0,NoEffect,1,0x0,0x0,0x0
Onigiri,OnigiriName,DesperationDesc,0x0,Onigiri,Sword,IsWeapon,0x0,0x0,25,7,77,7,0,0x11,33,CRank,0xe2,0x0,NoEffect,1,0x0,0x0,DesperationID
Steel Sword,0x356,EmptyDesc,0x0,SteelSword,Sword,IsWeapon,0x0,0x0,30,9,85,8,0,0x11,25,CRank,0x2,0x0,NoEffect,1,0x0,0x0,0x0
Silver Sword,0x357,EmptyDesc,0x0,SilverSword,Sword,IsWeapon,0x0,0x0,20,12,80,10,0,0x11,50,BRank,0x3,0x0,NoEffect,1,0x0,0x0,0x0
Iron Blade,0x358,0x408,0x0,IronBlade,Sword,IsWeapon,0x0,0x0,35,12,70,12,0,0x11,20,DRank,0x4,0x0,NoEffect,2,0x0,0x0,0x0
Steel Blade,0x359,0x409,0x0,SteelBlade,Sword,IsWeapon,0x0,0x0,25,15,65,14,0,0x11,35,CRank,0x5,0x0,NoEffect,2,0x0,0x0,0x0
Silver Blade,0x35a,0x40a,0x0,SilverBlade,Sword,IsWeapon,0x0,0x0,15,18,60,16,0,0x11,60,BRank,0x6,0x0,NoEffect,2,0x0,0x0,0x0
Wingclipper,WingclipperName,WingclipperDesc,0x0,Wingclipper,Sword,IsWeapon,0x0,FlierEffectiveness|IsPointer,20,10,80,10,0,0x11,45,CRank,0xeb,0x0,NoEffect,1,0x0,0x0,0x0
Rapier,0x35c,RapierDesc,0x0,Rapier,Sword,IsWeapon,0x0,LordWeaponEffectiveness|IsPointer,25,7,100,5,0,0x11,54,BRank,0x8,0x0,NoEffect,1,0x0,0x0,0x0
Wo Dao,WoDaoName,WoDaoDesc,0x0,WoDao,Sword,IsWeapon,0x0,0x0,20,10,95,11,50,0x11,80,ARank,0xce,0x0,NoEffect,1,0x0,0x0,0x0
Brave Sword,0x35d,BraveDesc,0x0,BraveSword,Sword,IsWeapon|IsBrave,0x0,0x0,20,9,80,14,0,0x11,100,ARank,0xa,0x0,NoEffect,1,0x0,0x0,0x0
Flame Sword,FlameSwordName,FlameSwordDesc,0x0,FlameSword,Sword,IsWeapon|MagicDamage,0x0,0x0,20,10,70,11,0,0x12,62,BRank,0xcb,0x0,NoEffect,1,0x0,0x0,0x0
Killing Edge,0x35f,KillerDesc,0x0,KillingEdge,Sword,IsWeapon,0x0,0x0,25,8,75,9,30,0x11,38,CRank,0xc,0x0,NoEffect,1,0x0,0x0,0x0
Cutlass,CutlassName,CutlassDesc,0x0,Cutlass,Sword,IsWeapon|IsBrave|EirikaLock,0x0,0x0,60,9,90,10,0,0x11,70,NoRank,0xcf,0x0,NoEffect,1,0x0,0x0,0x0
Wyrmslayer,0x361,0x411,0x0,0xf,Sword,IsWeapon,0x0,DragonEffectiveness|IsPointer,30,8,75,5,0,0x11,150,CRank,0xe,0x0,NoEffect,1,0x0,0x0,0x0
Light Brand,0x362,LightBrandDesc,0x0,LightBrand,Sword,IsWeapon|MagicDamage,0x0,0x0,30,4,80,9,0,0x12,18,DRank,0xf,0x0,NoEffect,1,0x0,0x0,0x0
Runesword,0x363,0x413,0x0,0x11,Sword,IsWeapon|MagicDamage,0x0,0x0,15,12,65,11,0,0x12,220,ARank,0x10,0x0,NosferatuEffect,1,0x0,0x0,0x0
Lancereaver,0x364,ReaverDesc,0x0,Lancereaver,Sword,IsWeapon|ReverseTriangle,0x0,0x0,25,10,65,9,0,0x11,45,BRank,0x11,0x0,NoEffect,1,0x0,0x0,0x0
Saunion,SaunionName,SaunionDesc,0x0,Saunion,Lance,IsWeapon,0x0,0x0,20,17,75,18,0,0x13,84,ARank,0xe4,0x0,NoEffect,1,0x0,0x0,0x0
Iron Lance,0x369,EmptyDesc,0x0,IronLance,Lance,IsWeapon,0x0,0x0,40,8,80,8,0,0x11,10,DRank,0x13,0x0,NoEffect,1,0x0,0x0,0x0
Pike,PikeName,PikeDesc,0x0,Pike,Lance,IsWeapon,0x0,0x0,25,7,85,9,0,0x11,35,CRank,0xe3,0x0,NoEffect,1,0x0,0x0,VantageID
Steel Lance,0x36b,EmptyDesc,0x0,SteelLance,Lance,IsWeapon,0x0,0x0,30,11,75,10,0,0x11,25,CRank,0x15,0x0,NoEffect,1,0x0,0x0,0x0
Silver Lance,0x36c,EmptyDesc,0x0,SilverLance,Lance,IsWeapon,0x0,0x0,20,14,70,12,0,0x11,50,BRank,0x16,0x0,NoEffect,1,0x0,0x0,0x0
Impaler,ImpalerName,ImpalerDesc,0x0,Impaler,Lance,IsWeapon|NegateDef,0x0,0x0,25,10,50,15,0,0x11,55,BRank,0xe1,0x0,NoEffect,1,0x0,0x0,0x0
Brave Lance,0x36e,BraveDesc,0x0,BraveLance,Lance,IsWeapon|IsBrave,0x0,0x0,20,11,70,16,0,0x11,100,ARank,0x18,0x0,NoEffect,1,0x0,0x0,0x0
Killer Lance,0x36f,KillerDesc,0x0,KillerLance,Lance,IsWeapon,0x0,0x0,25,10,65,11,30,0x11,38,CRank,0x19,0x0,NoEffect,1,0x0,0x0,0x0
Horseslayer,0x370,HorseslayerDesc,0x0,Horseslayer,Lance,IsWeapon,0x0,HorseEffectiveness|IsPointer,20,12,70,12,0,0x11,45,CRank,0x1a,0x0,NoEffect,1,0x0,0x0,0x0
Javelin,0x371,ThrowingWeaponDesc,0x0,Javelin,Lance,IsWeapon,0x0,0x0,30,5,70,12,0,0x12,20,DRank,0x1b,0x0,NoEffect,1,0x0,0x0,0x0
Spear,0x372,ThrowingWeaponDesc,0x0,Spear,Lance,IsWeapon,0x0,0x0,20,11,60,14,0,0x12,62,BRank,0x1c,0x0,NoEffect,1,0x0,0x0,0x0
Axereaver,0x373,ReaverDesc,0x0,Axereaver,Lance,IsWeapon|ReverseTriangle,0x0,0x0,25,12,55,11,0,0x11,45,BRank,0x1d,0x0,NoEffect,1,0x0,0x0,0x0
Iron Axe,0x37a,EmptyDesc,0x0,IronAxe,Axe,IsWeapon,0x0,0x0,40,10,70,10,0,0x11,10,DRank,0x1e,0x0,NoEffect,1,0x0,0x0,0x0
Steel Axe,0x37b,EmptyDesc,0x0,SteelAxe,Axe,IsWeapon,0x0,0x0,30,13,65,12,0,0x11,25,CRank,0x1f,0x0,NoEffect,1,0x0,0x0,0x0
Silver Axe,0x37c,EmptyDesc,0x0,SilverAxe,Axe,IsWeapon,0x0,0x0,20,16,60,14,0,0x11,50,BRank,0x20,0x0,NoEffect,1,0x0,0x0,0x0
Bloodaxe,BloodaxeName,BloodaxeDesc,0x0,Bloodaxe,Axe,IsWeapon,0x0,0x0,25,9,50,11,0,0x11,35,CRank,0xf4,0x0,NoEffect,1,0x0,0x0,WrathID
Brave Axe,0x37e,BraveDesc,0x0,BraveAxe,Axe,IsWeapon|IsBrave,0x0,0x0,20,13,70,18,0,0x11,100,ARank,0x22,0x0,NoEffect,1,0x0,0x0,0x0
Killer Axe,0x37f,KillerDesc,0x0,KillerAxe,Axe,IsWeapon,0x0,0x0,25,12,55,13,30,0x11,38,CRank,0x23,0x0,NoEffect,1,0x0,0x0,0x0
Crusher,CrusherName,CrusherDesc,0x0,Crusher,Axe,IsWeapon|Uncounterable,0x0,0x0,25,12,50,17,0,0x11,55,BRank,0xca,0x0,NoEffect,1,0x0,0x0,0x0
Hammer,0x381,HammerDesc,0x0,Hammer,Axe,IsWeapon,0x0,ArmorEffectiveness|IsPointer,20,14,60,14,0,0x11,45,CRank,0x25,0x0,NoEffect,1,0x0,0x0,0x0
Devil Axe,0x382,0x432,0x0,0x27,Axe,IsWeapon,0x0,0x0,20,18,55,18,0,0x11,45,ERank,0x26,0x0,DevilEffect,8,0x0,0x0,0x0
Hand Axe,0x383,ThrowingWeaponDesc,0x0,HandAxe,Axe,IsWeapon,0x0,0x0,30,7,60,14,0,0x12,20,DRank,0x27,0x0,NoEffect,1,0x0,0x0,0x0
Tomahawk,0x384,ThrowingWeaponDesc,0x0,Tomahawk,Axe,IsWeapon,0x0,0x0,20,13,50,16,0,0x12,62,BRank,0x28,0x0,NoEffect,1,0x0,0x0,0x0
Swordreaver,0x385,ReaverDesc,0x0,Swordreaver,Axe,IsWeapon|ReverseTriangle,0x0,0x0,25,14,45,13,0,0x11,45,BRank,0x29,0x0,NoEffect,1,0x0,0x0,0x0
Battle Axe,BattleAxeName,BattleAxeDesc,0x0,BattleAxe,Axe,IsWeapon,0x0,0x0,20,23,85,20,0,0x11,75,ARank,0xb9,0x0,NoEffect,1,0x0,0x0,0x0
Deadeye,DeadeyeName,DeadeyeDesc,0x0,DeadeyeBow,Bow,IsWeapon,0x0,FlierEffectiveness|IsPointer,20,12,85,15,0,0x25,86,ARank,0xe0,0x0,NoEffect,1,0x0,0x0,0x0
Iron Bow,0x38b,EmptyDesc,0x0,IronBow,Bow,IsWeapon,0x0,FlierEffectiveness|IsPointer,40,7,80,6,0,0x22,10,DRank,0x2b,0x0,NoEffect,1,0x0,0x0,0x0
Steel Bow,0x38c,EmptyDesc,0x0,SteelBow,Bow,IsWeapon,0x0,FlierEffectiveness|IsPointer,30,10,75,8,0,0x22,25,CRank,0x2c,0x0,NoEffect,1,0x0,0x0,0x0
Silver Bow,0x38d,EmptyDesc,0x0,SilverBow,Bow,IsWeapon,0x0,FlierEffectiveness|IsPointer,20,13,70,10,0,0x22,50,BRank,0x2d,0x0,NoEffect,1,0x0,0x0,0x0
Mini Bow,MiniBowName,MiniBowDesc,0x0,MiniBow,Bow,IsWeapon,0x0,FlierEffectiveness|IsPointer,30,4,90,3,0,0x11,20,DRank,0xf1,0x0,NoEffect,1,0x0,0x0,0x0
Killer Bow,0x38f,KillerDesc,0x0,KillerBow,Bow,IsWeapon,0x0,FlierEffectiveness|IsPointer,25,9,65,9,30,0x22,38,CRank,0x2f,0x0,NoEffect,1,0x0,0x0,0x0
Brave Bow,0x390,BraveDesc,0x0,BraveBow,Bow,IsWeapon|IsBrave,0x0,FlierEffectiveness|IsPointer,20,10,70,14,0,0x22,100,ARank,0x30,0x0,NoEffect,1,0x0,0x0,0x0
Pursuer,PursuerName,PursuerDesc,0x0,Pursuer,Bow,IsWeapon,0x0,FlierEffectiveness|IsPointer,25,8,60,11,0,0x22,55,BRank,0xcc,0x0,NoEffect,1,0x0,0x0,AdeptID
Longbow,0x392,LongGreatbowDesc,0x0,Longbow,Bow,IsWeapon,0x0,FlierEffectiveness|IsPointer,25,7,70,10,0,0x23,33,CRank,0x32,0x0,NoEffect,1,0x0,0x0,0x0
Tomereaver,MagekillerName,ReaverDesc,0x0,Tomereaver,Bow,IsWeapon|ReverseTriangle,0x0,0x0,20,8,60,7,0,0x22,44,CRank,0xf0,0x0,NoEffect,1,0x0,0x0,0x0
Greatbow,GreatbowName,LongGreatbowDesc,0x0,Greatbow,Bow,IsWeapon,0x0,FlierEffectiveness|IsPointer,20,10,65,13,0,0x24,60,BRank,0xef,0x0,NoEffect,1,0x0,0x0,0x0
Slimshot,SlimshotName,EmptyDesc,0x0,Slimshot,Bow,IsWeapon,0x0,FlierEffectiveness|IsPointer,25,9,100,8,0,0x22,45,BRank,0xf2,0x0,NoEffect,1,0x0,0x0,0x0
Fire,0x3a9,EmptyDesc,0x0,Fire,Tome,IsWeapon|IsMagic,0x0,0x0,40,5,85,5,0,0x12,10,DRank,0x36,0x0,NoEffect,1,0x0,0x0,0x0
Thunder,0x3aa,EmptyDesc,0x0,Thunder,Tome,IsWeapon|IsMagic,0x0,0x0,25,7,70,8,30,0x12,38,CRank,0x37,0x0,NoEffect,1,0x0,0x0,0x0
Elfire,0x3ab,EmptyDesc,0x0,Elfire,Tome,IsWeapon|IsMagic,0x0,0x0,30,8,80,7,0,0x12,25,CRank,0x38,0x0,NoEffect,1,0x0,0x0,0x0
Bolting,0x3ad,BoltingDesc,0x0,Bolting,Tome,IsWeapon|IsMagic,0x0,0x0,5,15,65,25,0,0x3a,500,ARank,0x39,0x0,CannotDoubleEffect,1,0x0,0x0,0x0
Arcfire,ArcfireName,EmptyDesc,0x0,Arcfire,Tome,IsWeapon|IsMagic,0x0,0x0,20,11,75,9,0,0x12,50,BRank,0x3a,0x0,NoEffect,1,0x0,0x0,0x0
Hero's Flare,HeroFlareName,BraveDesc,0x0,HeroFlare,Tome,IsWeapon|IsMagic|IsBrave,0x0,0x0,20,8,75,13,0,0x12,100,ARank,0x3b,0x0,NoEffect,1,0x0,0x0,0x0
Tornado,TornadoName,TornadoDesc,0x0,Tornado,Tome,IsWeapon|IsMagic|Unsellable,0x0,FlierEffectiveness|IsPointer,25,10,80,10,0,0x12,0,BRank,0x3c,0x0,NoEffect,1,0x0,0x0,0x0
Surge,SurgeName,SurgeDesc,0x0,Surge,Tome,IsWeapon|IsMagic,0x0,0x0,30,7,255,6,0,0x11,20,DRank,0x3d,0x0,NoEffect,1,0x0,0x0,0x0
Thani,ThaniName,RapierDesc,0x0,Thani,Tome,IsWeapon|IsMagic,0x0,LordWeaponEffectiveness|IsPointer,20,6,75,9,0,0x12,54,CRank,0x3e,0x0,NoEffect,2,0x0,0x0,0x0
Sagittae,SagittaeName,SagittaeDesc,0x0,Sagittae,Tome,IsWeapon|IsMagic,0x0,0x0,25,9,65,12,0,0x13,46,BRank,0x3f,0x0,NoEffect,1,0x0,0x0,0x0
Purge,0x3b3,0x462,0x0,0x42,Tome,IsWeapon|IsMagic|Uncounterable,0x0,0x0,5,10,75,20,5,0x3a,600,BRank,0x40,0x0,CannotDoubleEffect,3,0x0,0x0,0x0
Aura,0x3b4,0x463,0x0,0x43,Tome,IsWeapon|IsMagic,0x0,0x0,20,12,85,15,15,0x12,400,ARank,0x41,0x0,NoEffect,1,0x0,0x0,0x0
Luce (DUMMY),0x403,0x4ab,0x0,0x44,Tome,IsWeapon|IsMagic,0x0,0x0,20,6,85,10,0,0x12,200,BRank,0x42,0x0,NoEffect,3,0x0,0x0,0x0
Flux,0x3b6,0x465,0x0,0x45,Tome,IsWeapon|IsMagic,0x0,0x0,45,7,80,8,0,0x12,20,DRank,0x43,0x0,NoEffect,1,0x0,0x0,0x0
Luna,0x3b7,LunaDesc,0x0,Luna,Tome,IsWeapon|IsMagic|NegateDef,0x0,0x0,25,0,90,11,0,0x12,35,CRank,0x44,0x0,NoEffect,1,0x0,0x0,0x0
Nosferatu,0x3b8,NosferatuDesc,0x0,Nosferatu,Tome,IsWeapon|IsMagic,0x0,0x0,20,8,70,14,0,0x12,70,BRank,0x45,0x0,NosferatuEffect,1,0x0,0x0,0x0
Eclipse,0x3b9,0x468,0x0,0x48,Tome,IsWeapon|IsMagic|Uncounterable,0x0,0x0,7,255,100,25,0,0x3a,600,BRank,0x46,0x0,EclipseEffect,8,0x0,0x0,0x0
Fenrir,0x3ba,0x469,0x0,0x49,Tome,IsWeapon|IsMagic,0x0,0x0,20,15,70,18,0,0x12,450,ARank,0x47,0x0,NoEffect,1,0x0,0x0,0x0
Gleipnir,0x3bb,0x46a,0x0,0x4a,Tome,IsWeapon|IsMagic|Unsellable,0x88aeed0,0x0,30,23,80,20,0,0x12,0,SRank,0xbc,0x0,NoEffect,3,0x0,0x0,0x0
Heal,0x3c2,0x471,0x4af,Heal,Staff,IsStaff,0x0,0x0,30,0,100,6,0,0x11,20,DRank,0x49,0x1,NoEffect,2,0x0,0x0,0x0
Mend,0x3c3,0x472,0x4b0,Mend,Staff,IsStaff,0x0,0x0,20,0,100,9,0,0x11,50,CRank,0x4a,0x2,NoEffect,3,0x0,0x0,0x0
Recover,0x3c4,0x473,0x4b1,0x4d,Staff,IsStaff,0x0,0x0,15,0,100,6,0,0x11,150,BRank,0x4b,0x3,NoEffect,3,0x0,0x0,0x0
Physic,0x3c5,0x474,0x4b2,Physic,Staff,IsStaff,0x0,0x0,10,0,100,12,0,0x10,250,BRank,0x4c,0x4,NoEffect,3,0x0,0x0,0x0
Fortify,0x3c6,0x475,0x4b3,Fortify,Staff,IsStaff,0x0,0x0,5,0,100,14,0,0x10,1000,BRank,0x4d,0x5,NoEffect,5,0x0,0x0,0x0
Restore,0x3c7,0x476,0x4b4,0x50,Staff,IsStaff,0x0,0x0,10,0,100,4,0,0x11,200,DRank,0x4e,0x6,NoEffect,3,0x0,0x0,0x0
Silence,0x3c8,0x477,0x4b5,0x51,Staff,IsStaff,0x0,0x0,3,0,70,7,0,0x10,400,CRank,0x4f,0x7,NoEffect,5,0x0,"ItemStatus(SilenceStatusID,5)",0x0
Sleep,0x3c9,0x478,0x4b6,Sleep,Staff,IsStaff,0x0,0x0,3,0,65,13,0,0x10,500,BRank,0x50,0x8,NoEffect,5,0x0,"ItemStatus(SleepStatusID,5)",0x0
Berserk,0x3ca,0x479,0x4b7,Berserk,Staff,IsStaff,0x0,0x0,3,0,60,10,0,0x10,600,CRank,0x51,0x9,NoEffect,5,0x0,"ItemStatus(BerserkStatusID,5)",0x0
Warp,0x3cb,0x47a,0x4b8,Warp,Staff,IsStaff,0x0,0x0,3,0,100,15,0,0x11,1500,ARank,0x52,0xa,NoEffect,7,0x0,0x0,0x0
Rescue,0x3cc,0x47b,0x4b9,Rescue,Staff,IsStaff,0x0,0x0,10,0,100,13,0,0x10,600,BRank,0x53,0xb,NoEffect,7,0x0,0x0,0x0
Torch,0x3cd,0x47c,0x4ba,TorchStaff,Staff,IsStaff,0x0,0x0,15,0,100,7,0,0x10,100,DRank,0x54,0xc,NoEffect,5,0x0,0x0,0x0
Hammerne,0x3ce,0x47d,0x4bb,0x57,Staff,IsStaff|CannotRepair,0x0,0x0,3,0,100,7,0,0x11,600,CRank,0x55,0xd,NoEffect,8,0x0,0x0,0x0
Unlock,0x3cf,0x47e,0x4bc,0x58,Staff,IsStaff,0x0,0x0,15,0,100,8,0,0x10,150,CRank,0x56,0xe,NoEffect,5,0x0,0x0,0x0
Barrier,0x3d0,0x47f,0x4bd,Barrier,Staff,IsStaff,0x0,0x0,15,0,100,4,0,0x11,150,CRank,0x57,0xf,NoEffect,4,0x0,0x0,0x0
Dragon Axe,0x387,0x437,0x0,0x5a,Axe,IsWeapon,0x0,DragonEffectiveness|IsPointer,30,12,60,11,0,0x11,150,CRank,0x58,0x0,NoEffect,1,0x0,0x0,0x0
Angelic Robe,0x3d4,0x483,0x4c1,0x5b,Item,0x0,0x88aeedc,0x0,1,0,0,0,0,0x11,8000,NoRank,0x59,0x10,NoEffect,0,0x0,0x0,0x0
Energy Ring,0x3d5,0x484,0x4c2,0x5c,Item,0x0,0x88aeee8,0x0,1,0,0,0,0,0x11,8000,NoRank,0x5a,0x11,NoEffect,0,0x0,0x0,0x0
Secret Book,0x3d6,0x485,0x4c3,0x5d,Item,0x0,0x88aeef4,0x0,1,0,0,0,0,0x11,8000,NoRank,0x5b,0x12,NoEffect,0,0x0,0x0,0x0
Speedwings,0x3d7,0x486,0x4c4,0x5e,Item,0x0,0x88aef00,0x0,1,0,0,0,0,0x11,8000,NoRank,0x5c,0x13,NoEffect,0,0x0,0x0,0x0
Goddess Icon,0x3d8,0x487,0x4c5,0x5f,Item,0x0,0x88aef0c,0x0,1,0,0,0,0,0x11,8000,NoRank,0x5d,0x14,NoEffect,0,0x0,0x0,0x0
Dragonshield,0x3d9,0x488,0x4c6,0x60,Item,0x0,0x88aef18,0x0,1,0,0,0,0,0x11,8000,NoRank,0x5e,0x15,NoEffect,0,0x0,0x0,0x0
Talisman,0x3da,0x489,0x4c7,0x61,Item,0x0,0x88aef24,0x0,1,0,0,0,0,0x11,8000,NoRank,0x5f,0x16,NoEffect,0,0x0,0x0,0x0
Swiftsoles,0x3db,0x48a,0x4c8,0x62,Item,0x0,0x88aef30,0x0,1,0,0,0,0,0x11,8000,NoRank,0x60,0x17,NoEffect,0,0x0,0x0,0x0
Body Ring,0x3dc,0x48b,0x4c9,0x63,Item,0x0,0x88aef3c,0x0,1,0,0,0,0,0x11,8000,NoRank,0x61,0x18,NoEffect,0,0x0,0x0,0x0
Brave's Crest,BraveCrestName,BraveCrestDesc,BraveCrestUseDesc,BravesCrest,Item,0x0,0x0,0x0,1,0,0,0,0,0x11,5000,NoRank,0x62,0x19,NoEffect,0,0x0,0x0,0x0
Knight's Plate,KnightPlateName,KnightPlateDesc,BraveCrestUseDesc,KnightsPlate,Item,0x0,0x0,0x0,1,0,0,0,0,0x11,5000,NoRank,0x63,0x1a,NoEffect,0,0x0,0x0,0x0
Hunter's Mark,HunterMarkName,HunterMarkDesc,BraveCrestUseDesc,HuntersMark,Item,0x0,0x0,0x0,1,0,0,0,0,0x11,5000,NoRank,0x64,0x1b,NoEffect,0,0x0,0x0,0x0
Flier's Permit,FlierPermitName,FlierPermitDesc,BraveCrestUseDesc,FliersPermit,Item,0x0,0x0,0x0,1,0,0,0,0,0x11,5000,NoRank,0x65,0x1c,NoEffect,0,0x0,0x0,0x0
Mage's Ring,MageRingName,MageRingDesc,BraveCrestUseDesc,MagesRing,Item,0x0,0x0,0x0,1,0,0,0,0,0x11,5000,NoRank,0x66,0x1d,NoEffect,0,0x0,0x0,0x0
Chest Key,0x3e2,0x491,0x4cf,0x69,Item,0x0,0x0,0x0,1,0,0,0,0,0x11,300,NoRank,0x67,0x1e,NoEffect,0,0x0,0x0,0x0
Door Key,0x3e3,0x492,0x4d0,0x6a,Item,0x0,0x0,0x0,1,0,0,0,0,0x11,50,NoRank,0x68,0x1f,NoEffect,0,0x0,0x0,0x0
Lockpick,0x3e4,0x493,0x4d1,0x6b,Item,0x0,0x0,0x0,15,0,0,0,0,0x11,80,NoRank,0x69,0x20,NoEffect,0,0x0,0x0,0x0
Vulnerary,0x3e5,0x494,0x4d2,0x6c,Item,0x0,0x0,0x0,3,0,0,0,0,0x11,100,NoRank,0x6a,0x21,NoEffect,0,0x0,0x0,0x0
Elixir,0x3e6,0x495,0x4d3,0x6d,Item,0x0,0x0,0x0,3,0,0,0,0,0x11,1000,NoRank,0x6b,0x22,NoEffect,0,0x0,0x0,0x0
Pure Water,0x3e7,0x496,0x4d4,0x6e,Item,0x0,0x0,0x0,3,0,0,0,0,0x11,300,NoRank,0x6c,0x23,NoEffect,0,0x0,0x0,0x0
Antitoxin,0x3e8,0x497,0x4d5,0x6f,Item,0x0,0x0,0x0,3,0,0,0,0,0x11,150,NoRank,0x6d,0x24,NoEffect,0,0x0,0x0,0x0
Torch,0x3e9,0x498,0x4d6,0x70,Item,0x0,0x0,0x0,5,0,0,0,0,0x11,100,NoRank,0x6e,0x25,NoEffect,0,0x0,0x0,0x0
Filli Shield,0x3ea,0x499,0x4d7,0x71,Item,Indestructible|NegateFlyingEffectiveness,0x0,0x0,0,0,0,0,0,0x11,10000,NoRank,0xda,0x0,NoEffect,0,0x0,0x0,0x0
Member Card,0x3eb,0x49a,0x4d8,0x72,Item,0x0,0x0,0x0,1,0,0,0,0,0x11,6000,NoRank,0x84,0x0,NoEffect,0,0x0,0x0,0x0
Silver Card,0x3ec,0x49b,0x4d9,0x73,Item,0x0,0x0,0x0,1,0,0,0,0,0x11,4000,NoRank,0x85,0x0,NoEffect,0,0x0,0x0,0x0
White Gem,0x3ef,0x49e,0x0,0x74,Item,0x0,0x0,0x0,1,0,0,0,0,0x11,20000,NoRank,0x86,0x0,NoEffect,0,0x0,0x0,0x0
Blue Gem,0x3f0,0x49f,0x0,0x75,Item,0x0,0x0,0x0,1,0,0,0,0,0x11,10000,NoRank,0x87,0x0,NoEffect,0,0x0,0x0,0x0
Red Gem,0x3f1,0x4a0,0x0,0x76,Item,0x0,0x0,0x0,1,0,0,0,0,0x11,5000,NoRank,0x88,0x0,NoEffect,0,0x0,0x0,0x0
Gold,0x3f2,0x4a1,0x4da,0x77,Item,0x0,0x0,0x0,1,0,0,0,0,0x11,0,NoRank,0x89,0x0,NoEffect,0,0x0,0x0,0x0
Reginleif,0x374,0x424,0x0,0x78,Lance,IsWeapon|Unsellable,0x0,LordWeaponEffectiveness|IsPointer,45,10,80,8,10,0x11,160,NoRank,0xb3,0x0,NoEffect,2,0x0,0x0,0x0
Chest Key (5),0x3e2,0x491,0x4cf,0x79,Item,0x0,0x0,0x0,5,0,0,0,0,0x11,300,NoRank,0x67,0x26,NoEffect,0,0x0,0x0,0x0
Mine ,MineName,MineDesc,MineUseDesc,0x7a,Item,0x0,0x0,0x0,10,0,0,0,0,0x11,500,NoRank,0x8c,0x27,NoEffect,0,0x0,0x0,0x0
Light Rune,LightRuneName,LightRuneDesc,LightRuneUseDesc,0x7b,Item,0x0,0x0,0x0,5,0,0,0,0,0x11,1500,NoRank,0x8d,0x28,NoEffect,0,0x0,0x0,0x0
Hoplon Guard,0x3f3,0x4a4,0x4dd,0x7c,Item,Indestructible|NegateCriticals,0x0,0x0,0,0,0,0,0,0x11,5000,NoRank,0xdb,0x0,NoEffect,0,0x0,0x0,0x0
Filla's Might (DUMMY),0x403,0x4ab,0x0,0x7d,0xc,CannotRepair,0x0,0x0,15,0,0,0,0,0x11,0,NoRank,0x8f,0x29,NoEffect,0,0x0,"ItemStatus(AtkRingStatusID,1)",0x0
Ninis's Grace (DUMMY),0x403,0x4ab,0x0,0x7e,0xc,CannotRepair,0x0,0x0,15,0,0,0,0,0x11,0,NoRank,0x90,0x2a,NoEffect,0,0x0,"ItemStatus(DefRingStatusID,1)",0x0
Thor's Ire (DUMMY),0x403,0x4ab,0x0,0x7f,0xc,CannotRepair,0x0,0x0,15,0,0,0,0,0x11,0,NoRank,0x91,0x2b,NoEffect,0,0x0,"ItemStatus(CritRingStatusID,1)",0x0
Set's Litany (DUMMY),0x403,0x4ab,0x0,0x80,0xc,CannotRepair,0x0,0x0,15,0,0,0,0,0x11,0,NoRank,0x92,0x2c,NoEffect,0,0x0,"ItemStatus(AvoRingStatusID,1)",0x0
Shadowkiller,0x3a4,0x454,0x0,0x81,Sword,IsWeapon,0x0,0x0,60,5,90,5,5,0x11,0,ERank,0x93,0x0,NoEffect,1,0x0,0x0,0x0
Bright Lance,0x3a5,0x455,0x0,0x82,Lance,IsWeapon,0x0,0x0,60,7,80,8,5,0x11,0,ERank,0x94,0x0,NoEffect,1,0x0,0x0,0x0
Fiendcleaver,0x3a6,0x456,0x0,0x83,Axe,IsWeapon,0x0,0x0,60,8,75,10,5,0x11,0,ERank,0x95,0x0,NoEffect,1,0x0,0x0,0x0
Beacon Bow,0x3a7,0x457,0x0,0x84,Bow,IsWeapon,0x0,0x0,60,6,85,5,5,0x22,0,ERank,0x96,0x0,NoEffect,1,0x0,0x0,0x0
Sieglinde,0x366,0x416,0x0,0x85,Sword,IsWeapon|Unsellable|EirikaLock,0x88aef48,0x0,30,16,90,9,0,0x11,0,NoRank,0xb0,0x0,NoEffect,1,0x0,0x0,0x0
Battle Axe,0x388,0x439,0x0,0x86,Axe,IsWeapon,0x0,0x0,20,13,60,15,5,0x11,50,BRank,0xb8,0x0,NoEffect,1,0x0,0x0,0x0
Ivaldi,0x3b5,0x464,0x0,0x87,Tome,IsWeapon|IsMagic|Unsellable,0x88aef54,0x0,30,17,90,10,5,0x12,0,SRank,0xbb,0x0,NoEffect,1,0x0,0x0,0x0
Master Seal,0x3f4,0x4a5,0x4de,0x88,Item,0x0,0x0,0x0,1,0,0,0,0,0x11,20000,NoRank,0xd9,0x2d,NoEffect,0,0x0,0x0,0x0
Metis's Tome,MetisTomeName,MetisTomeDesc,MetisTomeUseDesc,0x89,Item,0x0,0x0,0x0,2,0,0,0,0,0x11,0,NoRank,0xdc,0x2e,NoEffect,0,0x0,0x0,0x0
Heaven Seal (DUMMY),0x403,0x4ab,0x0,0x8a,Item,0x0,0x0,0x0,1,0,0,0,0,0x11,20000,NoRank,0x9c,0x2f,NoEffect,0,0x0,0x0,0x0
Sharp Claw,0x39d,0x44d,0x0,0x8b,0xb,IsWeapon|Indestructible|MonsterWeapon,0x0,0x0,0,14,65,14,0,0x11,0,NoRank,0xd0,0x0,NoEffect,0,0x0,0x0,0x0
Latona,0x3d1,0x480,0x4be,0x8c,Staff,IsStaff|Unsellable,0x0,0x0,3,0,100,5,0,0xff,0,SRank,0xc3,0x37,NoEffect,1,0x0,0x0,0x0
Dragonspear,0x377,0x427,0x0,0x8d,Lance,IsWeapon,0x0,DragonEffectiveness|IsPointer,30,10,70,8,0,0x11,150,CRank,0xb6,0x0,NoEffect,1,0x0,0x0,0x0
Vidofnir,0x376,0x426,0x0,0x8e,Lance,IsWeapon|Unsellable,0x88aef60,0x0,30,15,85,11,0,0x11,0,SRank,0xb5,0x0,NoEffect,1,0x0,0x0,0x0
Naglfar,0x3bc,0x46b,0x0,0x8f,Tome,IsWeapon|IsMagic|Indestructible,0x0,0x0,0,25,95,18,0,0x12,0,SRank,0xbd,0x0,NoEffect,1,0x0,0x0,0x0
Wretched Air,0x397,0x447,0x4ac,0x90,0xb,IsWeapon|Indestructible|MonsterWeapon|NegateDef,0x88aef6c,0x0,0,10,100,0,0,0x12,0,ARank,0x79,0x0,NoEffect,0,0x0,0x0,0x0
Audhulma,0x367,0x417,0x0,0x91,Sword,IsWeapon|Unsellable,0x88aef78,0x0,30,18,85,9,0,0x11,0,SRank,0xb1,0x0,NoEffect,1,0x0,0x0,0x0
Siegmund,0x375,0x425,0x0,0x92,Lance,IsWeapon|Unsellable,0x88aef84,0x0,30,17,80,11,0,0x11,0,NoRank,0xb4,0x0,NoEffect,1,0x0,0x0,0x0
Garm,0x389,0x438,0x0,0x93,Axe,IsWeapon|Unsellable,0x88aef90,0x0,30,20,75,13,0,0x11,0,SRank,0xb7,0x0,NoEffect,1,0x0,0x0,0x0
Nidhogg,0x396,0x446,0x0,0x94,Bow,IsWeapon|Unsellable,0x88aef9c,0x0,30,18,80,7,0,0x22,0,SRank,0xba,0x0,NoEffect,1,0x0,0x0,0x0
Heavy Lance,0x378,0x428,0x0,0x95,Lance,IsWeapon,0x0,ArmorEffectiveness|IsPointer,16,9,70,14,0,0x11,75,DRank,0xa7,0x0,NoEffect,1,0x0,0x0,0x0
Short Spear,0x379,0x429,0x0,0x96,Lance,IsWeapon,0x0,0x0,18,9,60,12,0,0x12,50,CRank,0xa8,0x0,NoEffect,1,0x0,0x0,0x0
Rider's Badge,RiderBadgeName,RiderBadgeDesc,BraveCrestUseDesc,RidersBadge,Item,0x0,0x0,0x0,1,0,0,0,0,0x11,5000,NoRank,0xa9,0x30,NoEffect,0,0x0,0x0,0x0
Lunar Brace,0x3f7,0x4a8,0x4e1,0x98,Item,Unsellable,0x0,0x0,1,0,0,0,0,0x11,0,NoRank,0xd8,0x31,NoEffect,0,0x0,0x0,0x0
Solar Brace,0x3f8,0x4a9,0x4e2,0x99,Item,Unsellable,0x0,0x0,1,0,0,0,0,0x11,0,NoRank,0xd7,0x32,NoEffect,0,0x0,0x0,0x0
1G,0x3f9,0x4a1,0x4da,0x9a,Item,0x0,0x0,0x0,1,0,0,0,0,0x11,1,NoRank,0x89,0x0,NoEffect,0,0x0,0x0,0x0
5G,0x3fa,0x4a1,0x4da,0x9b,Item,0x0,0x0,0x0,1,0,0,0,0,0x11,5,NoRank,0x89,0x0,NoEffect,0,0x0,0x0,0x0
10G,0x3fb,0x4a1,0x4da,0x9c,Item,0x0,0x0,0x0,1,0,0,0,0,0x11,10,NoRank,0x89,0x0,NoEffect,0,0x0,0x0,0x0
50G,0x3fc,0x4a1,0x4da,0x9d,Item,0x0,0x0,0x0,1,0,0,0,0,0x11,50,NoRank,0x89,0x0,NoEffect,0,0x0,0x0,0x0
100G,0x3fd,0x4a1,0x4da,0x9e,Item,0x0,0x0,0x0,1,0,0,0,0,0x11,100,NoRank,0x89,0x0,NoEffect,0,0x0,0x0,0x0
3000G,0x400,0x4a1,0x4da,0x9f,Item,0x0,0x0,0x0,1,0,0,0,0,0x11,3000,NoRank,0x89,0x0,NoEffect,0,0x0,0x0,0x0
5000G,0x401,0x4a1,0x4da,0xa0,Item,0x0,0x0,0x0,1,0,0,0,0,0x11,5000,NoRank,0x89,0x0,NoEffect,0,0x0,0x0,0x0
Wind Sword,0x368,0x418,0x0,0xa1,Sword,IsWeapon|MagicDamage,0x0,FlierEffectiveness|IsPointer,40,9,70,9,0,0x12,200,BRank,0xaa,0x0,NoEffect,1,0x0,0x0,0x0
Vulnerary,0x3e5,0x494,0x4d2,0xa2,Item,0x0,0x0,0x0,60,0,0,0,0,0x11,100,NoRank,0x6a,0x33,NoEffect,0,0x0,0x0,0x0
Vulnerary (green note),0x3e5,0x494,0x4d2,0xa3,Item,0x0,0x0,0x0,60,0,0,0,0,0x11,100,NoRank,0xab,0x34,NoEffect,0,0x0,0x0,0x0
Vulnerary (red note),0x3e5,0x494,0x4d2,0xa4,Item,0x0,0x0,0x0,60,0,0,0,0,0x11,100,NoRank,0xac,0x35,NoEffect,0,0x0,0x0,0x0
Dance,0x3d2,0x481,0x4bf,0xa5,0xc,0x0,0x0,0x0,0,0,0,0,0,0x11,0,NoRank,0x0,0x0,NoEffect,0,0x0,0x0,0x0
Nightmare,0x39c,0x44c,0x0,0xa6,Staff,IsStaff,0x88aefa8,0x0,1,0,70,8,0,0x13,0,NoRank,0xc7,0x35,NoEffect,0,0x0,"ItemStatus(SleepStatusID,5)",0x0
Demon Stone (DUMMY),0x399,0x449,0x4ae,0xa7,0xb,IsWeapon|Indestructible|MonsterWeapon,0x0,0x0,0,10,65,0,0,0x11,0,NoRank,0x88,0x0,NoEffect,0,0x0,0x0,0x0
Demon Light,0x39a,0x44a,0x0,0xa8,0xb,IsWeapon|Indestructible|MonsterWeapon,0x88aefb4,0x0,0,15,60,0,0,0x13,0,NoRank,0xc5,0x0,NoEffect,0,0x0,0x0,0x0
Ravager,0x39b,0x44b,0x0,0xa9,0xb,IsWeapon|Indestructible|MonsterWeapon,0x88aefc0,0x0,0,15,85,0,10,0x11,0,NoRank,0xc6,0x0,NoEffect,0,0x0,0x0,0x0
Dragonstone,0x398,0x448,0x4ad,0xaa,0xb,IsWeapon|IsMagic|Indestructible|MonsterWeapon,0x88aefcc,0x0,50,16,100,0,15,0x11,0,NoRank,0xc4,0x0,NoEffect,0,0x0,0x0,0x0
Demon Surge,0x3c0,0x46f,0x0,0xab,Tome,IsWeapon|IsMagic|Unsellable,0x0,0x0,0,11,80,10,0,0x12,0,NoRank,0xc1,0x0,NoEffect,0,0x0,0x0,0x0
Shadowshot,0x3c1,0x470,0x0,0xac,Tome,IsWeapon|IsMagic|Uncounterable,0x0,0x0,5,13,70,20,5,0x3a,0,NoRank,0xc2,0x0,CannotDoubleEffect,0,0x0,0x0,0x0
Rotten Claw,0x39e,0x44e,0x0,0xad,0xb,IsWeapon|Indestructible|MonsterWeapon,0x0,0x0,0,7,80,8,0,0x11,0,NoRank,0xd1,0x0,NoEffect,0,0x0,0x0,0x0
Fetid Claw,0x39f,0x44f,0x0,0xae,0xb,IsWeapon|Indestructible|MonsterWeapon,0x0,0x0,0,12,75,10,0,0x11,0,NoRank,0xd2,0x0,NoEffect,0,0x0,0x0,0x0
Poison Claw,0x3a0,0x450,0x0,0xaf,0xb,IsWeapon|Indestructible|MonsterWeapon,0x0,0x0,0,6,65,10,0,0x11,0,NoRank,0xd3,0x0,PoisonEffect,0,0x0,0x0,0x0
Lethal Talon,0x3a1,0x451,0x0,0xb0,0xb,IsWeapon|Indestructible|MonsterWeapon,0x0,0x0,0,10,60,12,0,0x11,0,NoRank,0xd4,0x0,PoisonEffect,0,0x0,0x0,0x0
Fiery Fang,0x3a2,0x452,0x0,0xb1,0xb,IsWeapon|Indestructible|MonsterWeapon,0x0,0x0,0,5,90,5,0,0x11,0,NoRank,0xd5,0x0,NoEffect,0,0x0,0x0,0x0
Hellfang,0x3a3,0x453,0x0,0xb2,0xb,IsWeapon|Indestructible|MonsterWeapon,0x0,0x0,0,13,80,8,0,0x11,0,NoRank,0xd6,0x0,NoEffect,0,0x0,0x0,0x0
Evil Eye,0x3be,0x46d,0x0,0xb3,Tome,IsWeapon|IsMagic|Unsellable|Indestructible,0x0,0x0,0,7,85,6,0,0x12,0,NoRank,0xbe,0x0,NoEffect,0,0x0,0x0,0x0
Crimson Eye,0x3bf,0x46e,0x0,0xb4,Tome,IsWeapon|IsMagic|Unsellable|Indestructible,0x0,0x0,0,14,70,13,5,0x12,0,NoRank,0xbf,0x0,NoEffect,0,0x0,0x0,0x0
Stone,0x3bd,0x46c,0x0,0xb5,Tome,IsWeapon|IsMagic,0x0,0x0,5,0,65,8,0,0x13,0,NoRank,0xc0,0x0,StoneEffect,5,0x0,0x0,0x0
Aircalibur,0x3ac,0x45b,0x0,0xb6,Tome,IsWeapon|IsMagic,0x0,FlierEffectiveness|IsPointer,20,8,85,2,0,0x12,55,BRank,0x35,0x0,NoEffect,1,0x0,0x0,0x0
Juna Fruit,0x402,0x4aa,0x4e3,0xb7,Item,0x0,0x0,0x0,1,0,0,0,0,0x11,0,NoRank,0xdd,0x36,NoEffect,0,0x0,0x0,0x0
150G,0x3fe,0x4a1,0x4da,0xb8,Item,0x0,0x0,0x0,1,0,0,0,0,0x11,150,NoRank,0x89,0x0,NoEffect,0,0x0,0x0,0x0
200G,0x3ff,0x4a1,0x4da,0xb9,Item,0x0,0x0,0x0,1,0,0,0,0,0x11,200,NoRank,0x89,0x0,NoEffect,0,0x0,0x0,0x0
Black Gem,0x3ee,0x49d,0x0,0xba,Item,0x0,0x0,0x0,1,0,0,0,0,0x11,30000,NoRank,0xc8,0x0,NoEffect,0,0x0,0x0,0x0
Gold Gem,0x3ed,0x49c,0x0,0xbb,Item,0x0,0x0,0x0,1,0,0,0,0,0x11,40000,NoRank,0xc9,0x0,NoEffect,0,0x0,0x0,0x0
Skill Scroll,0xFFFF,0xFFFF,SkillScrollDesc,0xbc,Item,0x0,0x0,0x0,1,0,0,0,0,0x11,2000,NoRank,0xff,0x38,NoEffect,0,0x0,0x0,0x0
IronKnife,IronKnifeName,KnifeDesc,0x0,IronKnife,Knife,IsWeapon,0x0,0x0,40,4,90,5,0,0x12,10,DRank,0xE6,0x0,NoEffect,1,0x0,0x0,0x0
SteelKnife,SteelKnifeName,KnifeDesc,0x0,SteelKnife,Knife,IsWeapon,0x0,0x0,30,7,85,7,0,0x12,25,CRank,0xea,0x0,NoEffect,1,0x0,0x0,0x0
SilverKnife,SilverKnifeName,KnifeDesc,0x0,SilverKnife,Knife,IsWeapon,0x0,0x0,20,10,80,9,0,0x12,50,BRank,0xe8,0x0,NoEffect,1,0x0,0x0,0x0
IronDagger,IronDaggerName,DesperationDesc,0x0,IronDagger,Knife,IsWeapon,0x0,0x0,30,6,100,6,0,0x11,18,DRank,0xe5,0x0,NoEffect,1,0x0,0x0,DesperationID
SteelDagger,SteelDaggerName,DesperationDesc,0x0,SteelDagger,Knife,IsWeapon,0x0,0x0,25,9,95,8,0,0x11,33,CRank,0xe9,0x0,NoEffect,1,0x0,0x0,DesperationID
SilverDagger,SilverDaggerName,DesperationDesc,0x0,SilverDagger,Knife,IsWeapon,0x0,0x0,20,12,90,10,0,0x11,58,BRank,0xe7,0x0,NoEffect,1,0x0,0x0,DesperationID
Bloodletter,BloodletterName,KillerDesc,0x0,Bloodletter,Knife,IsWeapon,0x0,0x0,25,7,75,9,30,0x12,38,CRank,0xde,0x0,NoEffect,1,0x0,0x0,0x0
Stiletto,StilettoName,HammerDesc,0x0,Stiletto,Knife,IsWeapon,0x0,ArmorEffectiveness|IsPointer,20,9,90,10,0,0x11,45,CRank,0xdf,0x0,NoEffect,1,0x0,0x0,0x0
Arcane Knife,ArcaneKnifeName,ArcaneKnifeDesc,0x0,ArcaneKnife,Knife,IsWeapon|MagicDamage,0x0,0x0,25,9,75,11,0,0x12,55,BRank,0x0,0x0,NoEffect,1,0x0,0x0,0x0
Peshkatz,PeshkatzName,EmptyDesc,0x0,Peshkatz,Knife,IsWeapon,0x0,0x0,25,14,80,8,0,0x11,50,BRank,0x0,0x0,NoEffect,1,0x0,0x0,0x0
Baselard,BaselardName,BraveDesc,0x0,Baselard,Knife,IsWeapon,0x0,0x0,20,8,80,13,0,0x12,100,ARank,0x0,0x0,NoEffect,1,0x0,0x0,0x0
Heartpiercer,HeartpiercerName,ImpalerDesc,0x0,Heartpiercer,Knife,IsWeapon|NegateDef,0x0,0x0,20,10,100,10,0,0x11,85,ARank,0x0,0x0,NoEffect,1,0x0,0x0,0x0
Iron Musket,IronMusketName,EmptyDesc,0x0,IronMusket,Gun,IsWeapon|SkillBased,0x0,0x0,40,8,75,7,0,0x22,10,DRank,0xec,0x0,NoEffect,1,0x0,0x0,0x0
Hide Shield,HideShieldName,HideShieldDesc,0x0,HideShield,Item,Indestructible,ShieldStatBonuses|IsPointer,0x0,20,0,0,0,0,0x11,20,NoRank,0x9d,0x0,NoEffect,1,0x0,0x0,0x0
Tonic,TonicName,TonicDescription,TonicUseText,Tonic,Item,0x0,0,0,1,0,0,0,0,0x0,200,0,0xff,0x42,0x0,0,0x0,0x0,0
Steel Musket,SteelMusketName,EmptyDesc,0x0,SteelMusket,Gun,IsWeapon|SkillBased,0x0,0x0,30,11,70,9,0,0x22,25,CRank,0xed,0x0,NoEffect,1,0x0,0x0,0x0
Silver Musket,SilverMusketName,EmptyDesc,0x0,SilverMusket,Gun,IsWeapon|SkillBased,0x0,0x0,20,14,65,11,0,0x22,50,BRank,0xee,0x0,NoEffect,1,0x0,0x0,0x0
Pistol,PistolName,DesperationDesc,0x0,Pistol,Gun,IsWeapon|SkillBased,0x0,0x0,30,6,90,3,0,0x22,15,CRank,0xf5,0x0,NoEffect,1,0x0,0x0,DesperationID
Culverin,CulverinName,CulverinDesc,0x0,Culverin,Gun,IsWeapon|SkillBased,0x0,0x0,15,12,60,14,0,0x23,45,CRank,0xf7,0x0,NoEffect,1,0x0,0x0,0x0
Blunderbuss,BlunderbussName,BlunderbussDesc,0x0,Blunderbuss,Gun,IsWeapon|SkillBased,0x0,0x0,25,13,75,12,0,0x11,40,CRank,0xf6,0x0,NoEffect,1,0x0,0x0,0x0
Mortar,MortarName,MortarDesc,0x0,Mortar,Gun,IsWeapon|SkillBased,0x0,0x0,5,18,50,30,0,0x3f,200,BRank,0x9d,0x0,NoEffect,1,0x0,0x0,0x0
Glass Shield,GlassShieldName,GlassShieldDesc,0x0,GlassShield,Item,0x0,GlassShieldStatBonuses|IsPointer,0x0,3,0,0,0,0,0x11,50,NoRank,0x9d,0x0,NoEffect,1,0x0,0x0,0x0
Shove Glove,ShoveGloveName,ShoveGloveDesc,0x0,ShoveGlove,Item,Indestructible|0x800000,0x0,0x0,1,0,0,0,0,0x11,200,NoRank,0x9d,0x0,NoEffect,1,0x0,0x0,ShoveID
Shining Bow,ShiningBowName,ShiningBowDesc,0x0,ShiningBow,Bow,IsWeapon|MagicDamage,0x0,FlierEffectiveness|IsPointer,20,11,65,8,0,0x12,55,CRank,0xcd,0x0,NoEffect,1,0x0,0x0,0x0
Estoc,EstocName,ImpalerDesc,0x0,Estoc,Sword,IsWeapon|NegateDef,0x0,0x0,25,3,75,6,0,0x11,35,CRank,0x7B,0x0,NoEffect,1,0x0,0x0,0x0
Harpoon,HarpoonName,HarpoonDesc,0x0,Harpoon,Lance,IsWeapon,0x0,BeastEffectiveness|IsPointer,15,6,80,9,0,0x22,60,CRank,0x9d,0x0,NoEffect,1,0x0,0x0,0x0
Slim Axe,SlimAxeName,EmptyDesc,0x0,SlimAxe,Axe,IsWeapon,0x0,0x0,30,8,90,6,0,0x11,25,CRank,0xd3,0x0,NoEffect,1,0x0,0x0,0x0
Peacekeeper,PeacekeeperName,PeacekeeperDesc,0x0,Peacekeeper,Sword,IsWeapon,0x0,0x0,20,11,110,12,0,0x11,50,CRank,0x7D,0x0,NoEffect,1,0x0,0x0,DazzleID
Sidepierce,SidepierceName,SidepierceDesc,0x0,Sidepierce,Lance,IsWeapon,0x0,0x0,20,9,90,7,0,0x11,40,CRank,0x13,0x0,NoEffect,1,0x0,0x0,CantoAttackID
Oversize,OversizeName,OversizeDesc,0x0,Oversize,Axe,IsWeapon,0x0,0x0,20,12,95,20,0,0x11,45,CRank,0xD7,0x0,NoEffect,1,0x0,0x0,WaryFighterID
Snapshot,SnapshotName,SnapshotDesc,0x0,Snapshot,Bow,IsWeapon,SnapshotStatBonuses|IsPointer,0x0,20,5,255,2,0,0x23,50,CRank,0x2b,0x0,NoEffect,1,0x0,0x0,0x0
Galestrike,GalestrikeName,GalestrikeDesc,0x0,Galestrike,Tome,IsWeapon|IsMagic,0x0,0x0,20,3,85,2,0,0x12,75,CRank,0x36,0x0,NoEffect,1,0x0,0x0,GaleforceID
Compass,CompassName,CompassDesc,0x0,Compass,Knife,IsWeapon|IsMagic|NegateDef|IsBrave,0x0,0x0,20,3,66,3,33,0x11,75,ARank,0x7A,0x0,NoEffect,1,0x0,0x0,0x0
Mincemaker,MincemakerName,MincemakerDesc,0x0,Mincemaker,Gun,IsWeapon,0x0,0x0,20,40,55,25,0,0x23,150,SRank,0xe5,0x0,NoEffect,1,0x0,0x0,0x0
Pitchfork,PitchforkName,PitchforkDesc,0x0,Pitchfork,Lance,IsWeapon|Uncounterable,0x0,0x0,30,6,75,10,0,0x11,28,DRank,0x9d,0x0,NoEffect,1,0x0,0x0,0x0
Teal Gem,TealGemName,TealGemDesc,0x0,TealGem,Item,0x0,0x0,0x0,1,0,0,0,0,0x11,2000,NoRank,0xf3,0x0,NoEffect,0,0x0,0x0,0x0
Eyepatch,EyepatchName,EyepatchDesc,0x0,Eyepatch,Item,Indestructible,0x0,0x0,50,0,0,0,0,0x11,20,NoRank,0x7C,0x0,NoEffect,1,0x0,0x0,EyepatchID
Ash Arrow,AshArrowName,AshArrowDesc,0x0,AshArrow,Item,Indestructible|Unsellable,0x0,0x0,20,0,0,0,0,0x11,10,NoRank,0x9d,0x0,NoEffect,0,0x0,0x0,BowRangeUpID
TakeAim,TakeAimName,TakeAimDesc,0x0,TakeAim,Staff,IsStaff,0x0,0x0,30,0,100,7,0,0x13,25,DRank,0x80,57,NoEffect,1,0x0,0x0,0x0
Scorpio,ScorpioName,ScorpioDesc,0x0,Scorpio,Bow,IsWeapon|Uncounterable,0x0,FlierEffectiveness|IsPointer,5,10,80,20,0,0x3a,300,BRank,0x0,0x0,NoEffect,1,0x0,0x0,0x0
Statuette,StatuetteName,StatuetteDesc,StatuetteUseDesc,Statuette,Item,Indestructible|Unsellable,0x0,0x0,21,35,49,63,0,0x11,0,NoRank,0x7F,0x0,NoEffect,1,0x0,0x0,MiracleID
Knight Ring,KnightRingName,KnightRingDesc,0x0,KnightRing,Item,Indestructible|Unsellable,0x0,0x0,255,0,0,0,0,0x11,0,NoRank,0x9d,0x0,NoEffect,0,0x0,0x0,0x0
Hexlock Shield,HexlockShieldName,HexlockShieldDesc,0x0,HexlockShield,Item,0x0,HexlockShieldStatBonuses|IsPointer,0x0,20,0,0,0,0,0x11,100,NoRank,0x9d,0x0,NoEffect,1,0x0,0x0,0x0
Gae Bolg(?),GuBalgName,GuBalgDesc,0x0,GuBalg,Lance,IsWeapon|Unsellable,0x0,0x0,44,4,44,4,44,0x44,0,ERank,0x9d,0x0,NoEffect,100,0x0,0x0,0x0
Elsurge,ElsurgeName,ElsurgeDesc,0x0,Elsurge,Tome,IsWeapon|IsMagic,0x0,0x0,20,10,255,8,0,0x11,47,CRank,0x9d,0x0,NoEffect,1,0x0,0x0,0x0
IronShield,IronShieldName,IronShieldDesc,0x0,IronShield,Item,Indestructible,IronShieldStatBonuses|IsPointer,0x0,20,0,0,11,0,0x11,30,NoRank,0x9d,0x0,NoEffect,0,0x0,0x0,0x0
LunarBlade,LunarBladeName,LunarBladeDesc,0x0,LunarBlade,Sword,IsWeapon|MagicDamage,0x0,0x0,25,14,60,15,0,0x12,120,ARank,0xd4,0x0,NoEffect,1,0x0,0x0,0x0
RuneDagger,RuneDaggerName,RuneDaggerDesc,0x0,RuneDagger,Knife,IsWeapon|MagicDamage,0x0,0x0,20,6,85,6,0,0x11,45,CRank,0x9d,0x0,NoEffect,1,0x0,0x0,DesperationID
SuppliesItem,SuppliesItemName,SuppliesItemDesc,0x0,SuppliesItem,Item,0x0,0x0,0x0,1,0,0,0,0,0x11,0,NoRank,0x9d,0x0,NoEffect,0,0x0,0x0,0x0
0xee,0x403,0x4ab,0x0,0xee,0x9,0x0,0x0,0x0,1,0,0,0,0,0x11,0,NoRank,0x9d,0x0,NoEffect,0,0x0,0x0,0x0
0xef,0x403,0x4ab,0x0,0xef,0xc,0x0,0x0,0x0,0,0,0,0,0,0x11,0,NoRank,0x0,0x0,NoEffect,1,0x0,0x0,0x0
0xf0,0x403,0x4ab,0x0,0xf0,0x9,0x0,0x0,0x0,1,0,0,0,0,0x11,0,NoRank,0x9d,0x0,NoEffect,0,0x0,0x0,0x0
Swap Shoes,SwapShoesName,SwapShoesDesc,0x0,SwapShoes,Item,Indestructible|0x800000,0x0,0x0,1,0,0,0,0,0x11,0,NoRank,0x9d,0x0,NoEffect,0,0x0,0x0,SwapID
0xf2,0x403,0x4ab,0x0,0xf2,0x9,0x0,0x0,0x0,1,0,0,0,0,0x11,0,NoRank,0x9d,0x0,NoEffect,0,0x0,0x0,0x0
0xf3,0x403,0x4ab,0x0,0xf3,0xc,0x0,0x0,0x0,0,0,0,0,0,0x11,0,NoRank,0x0,0x0,NoEffect,1,0x0,0x0,0x0
0xf4,0x403,0x4ab,0x0,0xf4,0x9,0x0,0x0,0x0,1,0,0,0,0,0x11,0,NoRank,0x9d,0x0,NoEffect,0,0x0,0x0,0x0
0xf5,0x403,0x4ab,0x0,0xf5,0xc,0x0,0x0,0x0,0,0,0,0,0,0x11,0,NoRank,0x0,0x0,NoEffect,1,0x0,0x0,0x0
0xf6,0x403,0x4ab,0x0,0xf6,0x9,0x0,0x0,0x0,1,0,0,0,0,0x11,0,NoRank,0x9d,0x0,NoEffect,0,0x0,0x0,0x0
0xf7,0x403,0x4ab,0x0,0xf7,0xc,0x0,0x0,0x0,0,0,0,0,0,0x11,0,NoRank,0x0,0x0,NoEffect,1,0x0,0x0,0x0
0xf8,0x403,0x4ab,0x0,0xf8,0x9,0x0,0x0,0x0,1,0,0,0,0,0x11,0,NoRank,0x9d,0x0,NoEffect,0,0x0,0x0,0x0
0xf9,0x403,0x4ab,0x0,0xf9,0xc,0x0,0x0,0x0,0,0,0,0,0,0x11,0,NoRank,0x0,0x0,NoEffect,1,0x0,0x0,0x0
0xfa,0x403,0x4ab,0x0,0xfa,0x9,0x0,0x0,0x0,1,0,0,0,0,0x11,0,NoRank,0x9d,0x0,NoEffect,0,0x0,0x0,0x0
0xfb,0x403,0x4ab,0x0,0xfb,0xc,0x0,0x0,0x0,0,0,0,0,0,0x11,0,NoRank,0x0,0x0,NoEffect,1,0x0,0x0,0x0
0xfc,0x403,0x4ab,0x0,0xfc,0x9,0x0,0x0,0x0,1,0,0,0,0,0x11,0,NoRank,0x9d,0x0,NoEffect,0,0x0,0x0,0x0
0xfd,0x403,0x4ab,0x0,0xfd,0xc,0x0,0x0,0x0,0,0,0,0,0,0x11,0,NoRank,0x0,0x0,NoEffect,1,0x0,0x0,0x0
0xfe,0x403,0x4ab,0x0,0xfe,0x9,0x0,0x0,0x0,1,0,0,0,0,0x11,0,NoRank,0x9d,0x0,NoEffect,0,0x0,0x0,0x0
DUMMY,0x404,0x404,0x0,0x0,0x0,IsWeapon,0x0,0x0,1,0,0,0,0,0x11,40,0,0,0x0,CannotDoubleEffect,0,0x0,0x0,0x0
