INLINE NewClassTable,Name,Description,ID,Default Class Promoted From/To,Standing Map Anims,Move Speed,Generic Mug,N/A,HP,Atk,Skl,Spd,Def,Res,Con,Mov,HP Cap,Atk Cap,Skl Cap,Spd Cap,Def Cap,Res Cap,Con Cap,Lck,HP Growth,Atk Growth,Skl Growth,Spd Growth,Def Growth,Res Growth,Luck Growth,HP Promo Gain,Atk Promo Gain,Skl Promo Gain,Spd Promo Gain,Def Promo Gain,Res Promo Gain,CharClassAbility,Sword,Lance,Axe,Bow,Staff,Tome,Knife,Gun,Battle Anims,Move Costs,Rain Move Costs,Snow Move Costs,Avo Bonus,Def Bonus,Res Bonus,Class Type
None,0x0,0x0,0x0,0x0,0x0,0x0,0x0,0x0,0,0,0,0,0,0,0,0,0,0,0,0,0,0,0,0,0,0,0,0,0,37,0,37,0,0,65,0,0,0x1000002,NoRank,NoRank,NoRank,NoRank,NoRank,NoRank,NoRank,NoRank,0x1f,0x0,0x231e143c,0x190f0f,0x0,0x0,0x0,0x0
Ephraim Lord,0x2bf,0x309,0x1,0x3,0x0,0x0,0x8b,0x1,18,6,6,7,6,0,8,5,60,20,20,20,20,20,20,3,90,45,40,45,15,15,30,0,0,0,0,0,0,UnlockEphraim|IsLord,NoRank,DRank,NoRank,NoRank,NoRank,NoRank,NoRank,NoRank,0x0,0x880b808,0x880b808,0x880b808,0x880c479,0x880c4ba,0x880c4fb,0x0
Eirika Lord,0x2bf,0x30a,0x2,0x4,0x1,0x0,0x8b,0x1,16,4,8,9,3,1,5,5,60,20,20,20,20,20,20,3,90,45,40,45,15,20,30,0,0,0,0,0,0,IsLord|SwordmasterUnlock|UnlockEirika,ERank,NoRank,NoRank,NoRank,NoRank,NoRank,NoRank,NoRank,0x0,0x880b808,0x880b808,0x880b808,0x880c479,0x880c4ba,0x880c4fb,SwordType
Ephraim Master Lord,0x2c0,0x30b,0x3,0x1,0x2,0x0,0x8b,0x2,18,3,3,4,5,0,10,7,60,27,26,24,23,23,25,3,90,45,40,45,15,15,30,4,2,3,2,2,5,IsPromoted|UnlockEphraim|IsLord|MountedAid|HorseIcon,NoRank,CRank,NoRank,NoRank,NoRank,NoRank,NoRank,NoRank,0x0,0x880bad3,0x880bad3,0x880bad3,0x880c479,0x880c4ba,0x880c4fb,HorseType
Eirika Master Lord,0x2c0,0x30c,0x4,0x2,0x3,0x0,0x8b,0x2,18,3,3,4,5,0,7,7,60,24,29,30,22,25,25,3,90,45,40,45,15,20,30,4,2,2,1,3,5,IsPromoted|UnlockEirika|IsLord|MountedAid|HorseIcon|SwordmasterUnlock,CRank,NoRank,NoRank,NoRank,NoRank,NoRank,NoRank,NoRank,0x0,0x880bad3,0x880bad3,0x880bad3,0x880c479,0x880c4ba,0x880c4fb,HorseType|SwordType
Lance Cav,LanceCavName,LanceCavDesc,LanceCav,0x7,LanceCavMapSprite,0x0,LanceCavClassCard,0x20,21,7,6,6,6,1,10,8,60,20,20,20,20,20,20,3,75,50,45,45,35,10,20,0,0,0,0,0,0,MountedAid|HasCanto|HorseIcon,NoRank,DRank,NoRank,NoRank,NoRank,NoRank,NoRank,NoRank,LanceCavAnims|IsPointer,0x880ba92,0x880ba92,0x880ba92,0x880c479,0x880c4ba,0x880c4fb,HorseType
Lance Cav (F),LanceCavName,LanceCavDesc,LanceCav_F,0x8,LanceCavMapSprite,0x0,LanceCavClassCard,0x20,21,7,6,6,6,1,10,8,60,20,20,20,20,20,20,3,75,50,45,45,35,10,20,0,0,0,0,0,0,MountedAid|HasCanto|HorseIcon,NoRank,DRank,NoRank,NoRank,NoRank,NoRank,NoRank,NoRank,LanceCavAnims|IsPointer,0x880ba92,0x880ba92,0x880ba92,0x880c479,0x880c4ba,0x880c4fb,HorseType
Paladin,0x2c2,0x30e,0x7,0x5,0x5,0x0,0x81,0x21,23,7,4,7,8,3,11,8,60,25,26,24,25,25,25,3,70,25,30,18,12,20,15,2,1,1,1,2,1,MountedAid|HasCanto|HorseIcon|IsPromoted,DRank,DRank,NoRank,NoRank,NoRank,NoRank,NoRank,NoRank,0x0,0x880bad3,0x880bad3,0x880bad3,0x880c479,0x880c4ba,0x880c4fb,HorseType
Paladin (F),0x2c2,0x30e,0x8,0x6,0x5,0x0,0x81,0x21,23,6,6,11,7,6,9,8,60,23,27,25,24,26,25,3,70,25,35,25,12,25,15,1,1,1,2,1,2,MountedAid|HasCanto|HorseIcon|IsPromoted,DRank,DRank,NoRank,NoRank,NoRank,NoRank,NoRank,NoRank,0x0,0x880bad3,0x880bad3,0x880bad3,0x880c479,0x880c4ba,0x880c4fb,HorseType
Warden,WardenName,WardenDesc,Warden,0xb,WardenMapSprite,0x1,WardenClassCard,0xc,23,7,7,1,9,3,11,5,60,20,20,20,20,20,20,1,85,50,50,20,50,20,10,0,0,0,0,0,0,0x0,DRank,DRank,NoRank,NoRank,NoRank,NoRank,NoRank,NoRank,WardenAnims|IsPointer,0x880b88a,0x880b88a,0x880b88a,0x880c479,0x880c4ba,0x880c4fb,ArmorType
Warden (F),WardenName,WardenDesc,0xa,0xc,WardenMapSprite,0x1,WardenClassCard,0xc,23,7,7,1,9,3,11,5,60,20,20,20,20,20,20,1,85,50,50,20,50,20,10,0,0,0,0,0,0,0x0,DRank,DRank,NoRank,NoRank,NoRank,NoRank,NoRank,NoRank,WardenAnims|IsPointer,0x880b88a,0x880b88a,0x880b88a,0x880c479,0x880c4ba,0x880c4fb,ArmorType
General,0x2c4,0x310,0xb,0x9,0x7,0x1,0x77,0xd,27,10,12,4,13,4,13,5,60,30,30,30,30,30,30,4,90,50,55,30,50,20,20,0,0,0,0,0,0,IsPromoted,CRank,CRank,CRank,NoRank,NoRank,NoRank,NoRank,NoRank,0x88AF060,0x880b88a,0x880b88a,0x880b88a,0x880c479,0x880c4ba,0x880c4fb,ArmorType
General (F),0x2c4,0x310,0xc,0xa,0x7,0x1,0x77,0xd,27,10,12,4,13,4,13,5,60,30,30,30,30,30,30,4,90,50,55,30,50,20,20,0,0,0,0,0,0,IsPromoted,CRank,CRank,CRank,NoRank,NoRank,NoRank,NoRank,NoRank,0x88AF060,0x880b88a,0x880b88a,0x880b88a,0x880c479,0x880c4ba,0x880c4fb,ArmorType
Thief,0x2c5,ThiefDesc,Thief,Rogue,0x8,0x0,0x8e,0x7,20,6,5,8,5,3,8,6,60,20,20,20,20,20,20,6,70,45,40,55,30,20,35,0,0,0,0,0,0,0x0,NoRank,NoRank,NoRank,NoRank,NoRank,NoRank,DRank,NoRank,ThiefAnims|IsPointer,0x880b849,0x880b849,0x880b849,0x880c479,0x880c4ba,0x880c4fb,0x0
Manakete,0x2d7,0x323,0xe,0x1f,0x9,0x0,0x8f,0x1f,12,0,0,2,2,2,5,8,60,20,20,20,20,20,20,2,95,40,30,20,0,10,15,0,0,0,0,0,0,UseMonsterWeapons,NoRank,NoRank,NoRank,NoRank,NoRank,NoRank,NoRank,NoRank,0x0,0x880bb96,0x880bb96,0x880bb96,0x880c53c,0x880c57d,0x880c5be,DragonType
Mercenary,0x2c6,MercenaryDesc,Mercenary,Hero,0xa,0x0,0x90,0x3,23,8,7,7,3,1,9,6,60,20,20,20,20,20,20,3,85,55,50,50,20,10,20,0,0,0,0,0,0,0x0,DRank,NoRank,NoRank,NoRank,NoRank,NoRank,NoRank,NoRank,0x88af0b8,0x880b849,0x880b849,0x880b849,0x880c479,0x880c4ba,0x880c4fb,0x0
Mercenary (F),0x2c6,MercenaryDesc,Mercenary_F,Hero_F,Mercenary_FMapSprite,0x0,Mercenary_FClassCard,0x3,23,8,7,7,3,1,9,6,60,20,20,20,20,20,20,3,85,55,50,50,20,10,20,0,0,0,0,0,0,IsFemale,DRank,NoRank,NoRank,NoRank,NoRank,NoRank,NoRank,NoRank,Mercenary_FAnims|IsPointer,0x880b849,0x880b849,0x880b849,0x880c479,0x880c4ba,0x880c4fb,0x0
Hero,0x2c7,HeroDesc,Hero,Mercenary,0xc,0x0,0x91,0x4,27,12,10,10,4,2,12,6,60,30,30,30,30,30,30,4,85,55,50,50,20,10,20,0,0,0,0,0,0,IsPromoted,CRank,NoRank,CRank,NoRank,NoRank,NoRank,NoRank,NoRank,0x88af0d0,0x880b808,0x880b808,0x880b808,0x880c479,0x880c4ba,0x880c4fb,0x0
Hero (F),0x2c7,HeroDesc,Hero_F,Mercenary_F,Hero_FMapSprite,0x0,Hero_FClassCard,0x4,27,12,10,10,4,2,12,6,60,30,30,30,30,30,30,4,85,55,50,50,20,10,20,0,0,0,0,0,0,IsPromoted|IsFemale,CRank,NoRank,CRank,NoRank,NoRank,NoRank,NoRank,NoRank,Hero_FAnims|IsPointer,0x880b808,0x880b808,0x880b808,0x880c479,0x880c4ba,0x880c4fb,0x0
Myrmidon,0x2c8,MyrmidonDesc,Myrmidon,Swordmaster,0xe,0x0,0x72,0x5,20,6,9,9,2,2,7,6,60,20,20,20,20,20,20,7,70,45,60,60,15,15,40,0,0,0,0,0,0,0x0,DRank,NoRank,NoRank,NoRank,NoRank,NoRank,NoRank,NoRank,0x88af108,0x880b849,0x880b849,0x880b849,0x880c479,0x880c4ba,0x880c4fb,0x0
Myrmidon (F),0x2c8,MyrmidonDesc,Myrmidon_F,Swordmaster_F,0xf,0x0,Myrmidon_FClassCard,0x5,20,6,9,9,2,2,7,6,60,20,20,20,20,20,20,7,70,45,60,60,15,15,40,0,0,0,0,0,0,IsFemale,DRank,NoRank,NoRank,NoRank,NoRank,NoRank,NoRank,NoRank,0x88af114,0x880b849,0x880b849,0x880b849,0x880c479,0x880c4ba,0x880c4fb,0x0
Swordmaster,0x2c9,SwordmasterDesc,Swordmaster,Myrmidon,0x10,0x0,0x73,0x6,22,9,13,13,3,3,9,6,60,30,30,30,30,30,30,10,70,45,60,60,15,15,40,0,0,0,0,0,0,IsPromoted|ArmsMaster,BRank,NoRank,NoRank,NoRank,NoRank,NoRank,NoRank,NoRank,0x88af120,0x880b808,0x880b808,0x880b808,0x880c479,0x880c4ba,0x880c4fb,0x0
Swordmaster (F),0x2c9,SwordmasterDesc,Swordmaster_F,Myrmidon_F,0x11,0x0,Swordmaster_FClassCard,0x6,22,9,13,13,3,3,9,6,60,30,30,30,30,30,30,10,70,45,60,60,15,15,40,0,0,0,0,0,0,IsPromoted|IsFemale|ArmsMaster,BRank,NoRank,NoRank,NoRank,NoRank,NoRank,NoRank,NoRank,0x88af12c,0x880b808,0x880b808,0x880b808,0x880c479,0x880c4ba,0x880c4fb,0x0
Assassin,0x2ca,AssassinDesc,Assassin,Ninja,0x12,0x0,AssassinClassCard,0x8,19,7,9,15,3,7,8,6,60,30,30,30,30,30,30,7,60,40,45,65,20,15,30,0,0,0,0,0,0,IsPromoted,NoRank,NoRank,NoRank,CRank,NoRank,NoRank,CRank,NoRank,AssassinAnims|IsPointer,0x880b9cf,0x880b9cf,0x880b9cf,0x880c479,0x880c4ba,0x880c4fb,0x0
Assassin (F),0x2ca,AssassinDesc,Assassin_F,Ninja,0x13,0x0,Assassin_FClassCard,0x8,19,7,9,15,3,7,8,6,60,30,30,30,30,30,30,7,60,40,45,65,20,15,30,0,0,0,0,0,0,IsPromoted|IsFemale,NoRank,NoRank,NoRank,CRank,NoRank,NoRank,CRank,NoRank,Assassin_FAnims|IsPointer,0x880b9cf,0x880b9cf,0x880b9cf,0x880c479,0x880c4ba,0x880c4fb,0x0
Archer,0x2cb,ArcherDesc,Archer,Sniper,0x14,0x0,0x78,0xa,22,8,9,7,3,1,9,6,60,20,20,20,20,20,20,2,80,55,60,50,20,10,15,0,0,0,0,0,0,UseBallista,NoRank,NoRank,NoRank,DRank,NoRank,NoRank,NoRank,NoRank,0x88af150,0x880b849,0x880b849,0x880b849,0x880c479,0x880c4ba,0x880c4fb,0x0
Archer (F),0x2cb,ArcherDesc,Archer_F,Sniper_F,0x15,0x0,Archer_FClassCard,0xa,22,8,9,7,3,1,9,6,60,20,20,20,20,20,20,2,80,55,60,50,20,10,15,0,0,0,0,0,0,UseBallista,NoRank,NoRank,NoRank,DRank,NoRank,NoRank,NoRank,NoRank,0x88af168,0x880b849,0x880b849,0x880b849,0x880c479,0x880c4ba,0x880c4fb,0x0
Sniper,0x2cc,SniperDesc,Sniper,Archer,0x16,0x0,0x79,0xb,25,12,13,10,4,2,11,7,60,30,30,30,30,30,30,3,80,55,60,50,20,10,15,0,0,0,0,0,0,IsPromoted|ArmsMaster,NoRank,NoRank,NoRank,BRank,NoRank,NoRank,NoRank,NoRank,0x88af180,0x880b808,0x880b808,0x880b808,0x880c479,0x880c4ba,0x880c4fb,0x0
Sniper (F),0x2cc,SniperDesc,Sniper_F,Archer_F,0x17,0x0,Sniper_FClassCard,0xb,25,12,13,10,4,2,11,7,60,30,30,30,30,30,30,3,80,55,60,50,20,10,15,0,0,0,0,0,0,IsPromoted|IsFemale|ArmsMaster,NoRank,NoRank,NoRank,BRank,NoRank,NoRank,NoRank,NoRank,0x88af198,0x880b808,0x880b808,0x880b808,0x880c479,0x880c4ba,0x880c4fb,0x0
Ranger,0x2cd,RangerDesc,Ranger,Mercenary,0x18,0x0,0x97,0xc,24,10,12,10,4,2,10,8,60,30,30,30,30,30,30,6,75,50,55,50,20,10,25,0,0,0,0,0,0,HorseIcon|IsPromoted|MountedAid,CRank,NoRank,NoRank,CRank,NoRank,NoRank,NoRank,NoRank,0x88AF1B0,0x880bb55,0x880bb55,0x880bb55,0x880c479,0x880c4ba,0x880c4fb,HorseType
Ranger (F),0x2cd,RangerDesc,Ranger_F,Mercenary_F,0x18,0x0,Ranger_FClassCard,0xc,24,10,12,10,4,2,10,8,60,30,30,30,30,30,30,6,75,50,55,50,20,10,25,0,0,0,0,0,0,HorseIcon|IsPromoted|MountedAid|IsFemale,CRank,NoRank,NoRank,CRank,NoRank,NoRank,NoRank,NoRank,0x88AF1C0,0x880bb55,0x880bb55,0x880bb55,0x880c479,0x880c4ba,0x880c4fb,HorseType
Dragon Rider,DragonRiderName,DragonRiderDesc,DragonRider,0x21,DragonRiderMapSprite,0x0,DragonRiderClassCard,0xd,21,9,6,4,4,1,11,7,60,20,20,20,20,20,20,3,75,60,45,35,25,10,20,0,0,0,0,0,0,MountedAid|DragonIcon,NoRank,NoRank,DRank,NoRank,NoRank,NoRank,NoRank,NoRank,DragonRiderAnims|IsPointer,0x880bb96,0x880bb96,0x880bb96,0x880c53c,0x880c57d,0x880c5be,FlierType
Dragon Rider (F),DragonRiderName,DragonRiderDesc,DragonRider_F,0x22,DragonRiderMapSprite,0x0,DragonRiderClassCard,0xd,21,9,6,4,4,1,11,7,60,20,20,20,20,20,20,3,75,60,45,35,25,10,20,0,0,0,0,0,0,MountedAid|DragonIcon,NoRank,NoRank,DRank,NoRank,NoRank,NoRank,NoRank,NoRank,DragonRiderAnims|IsPointer,0x880bb96,0x880bb96,0x880bb96,0x880c53c,0x880c57d,0x880c5be,FlierType
Dracoknight,DracoknightName,DracoknightDesc,Dracoknight,DragonRider,DracoknightMapSprite,0x0,DracoknightClassCard,0xe,24,13,9,6,6,2,13,7,60,30,30,30,30,30,30,4,75,60,45,35,25,10,20,0,0,0,0,0,0,MountedAid|HasFlightPlus|DragonIcon|IsPromoted,NoRank,NoRank,CRank,NoRank,NoRank,NoRank,NoRank,NoRank,DracoknightAnims|IsPointer,0x880bb96,0x880bb96,0x880bb96,0x880c53c,0x880c57d,0x880c5be,FlierType
Dracoknight (F),DracoknightName,DracoknightDesc,Dracoknight_F,DragonRider_F,DracoknightMapSprite,0x0,DracoknightClassCard,0xe,24,13,9,6,6,2,10,7,60,30,30,30,30,30,30,4,75,60,45,35,25,10,20,0,0,0,0,0,0,MountedAid|HasFlightPlus|DragonIcon|IsPromoted,NoRank,NoRank,CRank,NoRank,NoRank,NoRank,NoRank,NoRank,DracoknightAnims|IsPointer,0x880bb96,0x880bb96,0x880bb96,0x880c53c,0x880c57d,0x880c5be,FlierType
Wyvern Knight,0x2d0,0x31c,0x23,0x1f,0x1d,0x0,0x93,0xf,20,7,7,8,7,1,10,8,60,25,26,28,24,22,25,3,65,35,30,30,15,17,15,3,1,2,3,0,1,MountedAid|DragonIcon|IsPromoted,NoRank,CRank,NoRank,NoRank,NoRank,NoRank,NoRank,NoRank,0x0,0x880bb96,0x880bb96,0x880bb96,0x880c53c,0x880c57d,0x880c5be,FlierType
Wyvern Knight (F),0x2d0,0x31c,0x24,0x20,0x1d,0x0,0x93,0xf,19,6,8,9,6,2,9,8,60,24,27,29,23,23,25,3,65,35,30,30,15,20,15,3,2,1,2,1,1,MountedAid|DragonIcon|IsPromoted,NoRank,CRank,NoRank,NoRank,NoRank,NoRank,NoRank,NoRank,0x0,0x880bb96,0x880bb96,0x880bb96,0x880c53c,0x880c57d,0x880c5be,FlierType
Mage,0x2d1,MageDesc,Mage,Sage,0x1e,0x0,0x7c,0x12,19,3,6,6,4,5,7,6,60,20,20,20,20,20,20,4,65,30,45,45,25,30,20,0,0,0,0,0,0,0x0,NoRank,NoRank,NoRank,NoRank,NoRank,DRank,NoRank,NoRank,0x88af220,0x880ba10,0x880ba10,0x880ba10,0x880c479,0x880c4ba,0x880c4fb,0x0
Mage (F),0x2d1,MageDesc,Mage_F,Sage_F,0x1f,0x0,Mage_FClassCard,0x12,19,3,6,6,4,5,7,6,60,20,20,20,20,20,20,4,65,30,45,45,25,30,20,0,0,0,0,0,0,0x0,NoRank,NoRank,NoRank,NoRank,NoRank,DRank,NoRank,NoRank,0x88af234,0x880ba10,0x880ba10,0x880ba10,0x880c479,0x880c4ba,0x880c4fb,0x0
Sage,0x2d2,SageDesc,Sage,Mage,0x20,0x0,0x7d,0x13,20,4,7,10,5,9,9,6,60,30,30,30,30,30,30,6,60,25,40,50,20,35,25,0,0,0,0,0,0,IsPromoted,NoRank,NoRank,NoRank,NoRank,CRank,CRank,NoRank,NoRank,0x88af248,0x880ba10,0x880ba10,0x880ba10,0x880c479,0x880c4ba,0x880c4fb,0x0
Sage (F),0x2d2,SageDesc,Sage_F,Mage_F,0x21,0x0,Sage_FClassCard,0x13,20,4,7,10,5,9,9,6,60,30,30,30,30,30,30,6,60,25,40,50,20,35,25,0,0,0,0,0,0,IsPromoted|IsFemale,NoRank,NoRank,NoRank,NoRank,CRank,CRank,NoRank,NoRank,0x88af260,0x880ba10,0x880ba10,0x880ba10,0x880c479,0x880c4ba,0x880c4fb,0x0
Dark Knight,DarkKnightName,MageKnightDesc,MageKnight,Mage,DarkKnightMapSprite,0x0,DarkKnightClassCard,0x14,22,8,9,9,7,5,10,8,60,30,30,30,30,30,30,4,70,40,45,45,30,20,20,0,0,0,0,0,0,HorseIcon|HasCanto|IsPromoted|MountedAid,NoRank,CRank,NoRank,NoRank,NoRank,CRank,NoRank,NoRank,DarkKnightAnims|IsPointer,0x880bad3,0x880bad3,0x880bad3,0x880c479,0x880c4ba,0x880c4fb,HorseType
Dark Knight (F),DarkKnightName,MageKnightDesc,MageKnight_F,Mage_F,DarkKnightMapSprite,0x0,DarkKnightClassCard,0x14,22,8,9,9,7,5,10,8,60,30,30,30,30,30,30,4,70,40,45,45,30,20,20,0,0,0,0,0,0,HorseIcon|HasCanto|IsPromoted|MountedAid|IsFemale,NoRank,CRank,NoRank,NoRank,NoRank,CRank,NoRank,NoRank,DarkKnightAnims|IsPointer,0x880bad3,0x880bad3,0x880bad3,0x880c479,0x880c4ba,0x880c4fb,HorseType
Bishop,0x2d4,0x320,0x2b,0x45,0x24,0x0,0x7b,0x18,21,4,4,4,3,8,7,6,60,25,26,24,22,30,20,3,45,35,25,22,8,40,30,3,2,1,0,3,2,IsPromoted,NoRank,NoRank,NoRank,NoRank,CRank,DRank,NoRank,NoRank,0x0,0x880ba10,0x880ba10,0x880ba10,0x880c479,0x880c4ba,0x880c4fb,0x0
Bishop (F),0x2d4,0x320,0x2c,0x4a,0x25,0x0,0x7b,0x18,19,4,5,4,2,9,5,6,60,25,25,26,21,30,20,3,45,35,25,22,8,50,30,3,1,2,1,2,2,IsPromoted,NoRank,NoRank,NoRank,NoRank,CRank,DRank,NoRank,NoRank,0x0,0x880ba10,0x880ba10,0x880ba10,0x880c479,0x880c4ba,0x880c4fb,0x0
Shaman,0x2e1,ShamanDesc,Shaman,0x2f,0x26,0x1,0x7e,0x1b,21,5,4,5,6,3,9,6,60,20,20,20,20,20,20,1,75,40,35,40,35,20,10,0,0,0,0,0,0,0x0,NoRank,NoRank,NoRank,NoRank,NoRank,DRank,NoRank,NoRank,0x88af2d8,0x880ba10,0x880ba10,0x880ba10,0x880c479,0x880c4ba,0x880c4fb,0x0
Shaman (F),0x2e1,ShamanDesc,Shaman_F,0x30,0x26,0x1,0x7e,0x1b,21,5,4,5,6,3,9,6,60,20,20,20,20,20,20,1,75,40,35,40,35,20,10,0,0,0,0,0,0,0x0,NoRank,NoRank,NoRank,NoRank,NoRank,DRank,NoRank,NoRank,0x88af2ec,0x880ba10,0x880ba10,0x880ba10,0x880c479,0x880c4ba,0x880c4fb,0x0
Druid,0x2e2,0x32d,0x2f,0x2d,0x27,0x1,0x7f,0x1c,19,6,3,4,4,6,8,6,60,29,26,26,21,28,20,3,45,55,30,25,10,35,10,4,0,0,3,2,2,IsPromoted,NoRank,NoRank,NoRank,NoRank,ERank,DRank,NoRank,NoRank,0x0,0x880ba10,0x880ba10,0x880ba10,0x880c479,0x880c4ba,0x880c4fb,0x0
Druid (F),0x2e2,0x32d,0x30,0x2e,0x27,0x1,0x7f,0x1c,17,7,3,4,3,7,4,6,60,29,26,26,20,29,20,3,45,55,30,25,10,35,10,0,0,0,0,0,0,IsPromoted,NoRank,NoRank,NoRank,NoRank,ERank,DRank,NoRank,NoRank,0x0,0x880ba10,0x880ba10,0x880ba10,0x880c479,0x880c4ba,0x880c4fb,0x0
Summoner,0x2e3,0x32e,0x31,0x2d,0x28,0x0,0x7f,0x1d,18,5,3,4,3,5,8,6,60,27,27,26,20,28,20,3,45,50,30,25,8,35,10,3,0,1,3,1,3,Summoning|IsPromoted,NoRank,NoRank,NoRank,NoRank,ERank,CRank,NoRank,NoRank,0x0,0x880ba10,0x880ba10,0x880ba10,0x880c479,0x880c4ba,0x880c4fb,0x0
Summoner (F),0x2e3,0x32e,0x32,0x2e,0x28,0x0,0x7f,0x1d,18,5,3,4,3,5,4,6,60,27,27,26,20,28,20,3,45,50,30,25,8,35,10,0,0,0,0,0,0,Summoning|IsPromoted,NoRank,NoRank,NoRank,NoRank,ERank,CRank,NoRank,NoRank,0x0,0x880ba10,0x880ba10,0x880ba10,0x880c479,0x880c4ba,0x880c4fb,0x0
Rogue,0x2db,RogueDesc,Rogue,Thief,0x29,0x0,0x94,0x9,22,9,7,12,7,5,10,6,60,30,30,30,30,30,30,9,70,45,40,55,30,20,35,0,0,0,0,0,0,IsPromoted|ArmsMaster,NoRank,NoRank,NoRank,NoRank,NoRank,NoRank,BRank,NoRank,RogueAnims|IsPointer,0x880b9cf,0x880b9cf,0x880b9cf,0x880c479,0x880c4ba,0x880c4fb,0x0
Gorgon Egg,0x300,0x34c,0x34,0x0,0x2a,0x0,0xa6,0x0,50,0,0,0,10,10,6,0,60,30,30,30,30,30,30,3,100,0,0,0,0,0,0,0,0,0,0,0,0,0x0,NoRank,NoRank,NoRank,NoRank,NoRank,NoRank,NoRank,NoRank,0x0,0x0,0x0,0x0,0x880c479,0x880c4ba,0x880c4fb,MonsterType
Cataphract,CataphractName,CataphractDesc,Cataphract,Vanguard,0x2b,0x1,0x96,0x22,25,12,7,6,9,2,14,7,60,30,30,30,30,30,30,3,80,55,40,35,35,10,15,0,0,0,0,0,0,HorseIcon|HasCanto|IsPromoted|MountedAid,NoRank,CRank,CRank,NoRank,NoRank,NoRank,NoRank,NoRank,0x88AF36C,0x880bad3,0x880bad3,0x880bad3,0x880c479,0x880c4ba,0x880c4fb,HorseType|ArmorType
Cataphract (F),CataphractName,CataphractDesc,Cataphract_F,Vanguard,0x2b,0x1,0x96,0x22,25,12,7,6,9,2,14,7,60,30,30,30,30,30,30,3,80,55,40,35,35,10,15,0,0,0,0,0,0,HorseIcon|HasCanto|IsPromoted|MountedAid,NoRank,CRank,CRank,NoRank,NoRank,NoRank,NoRank,NoRank,0x88AF36C,0x880bad3,0x880bad3,0x880bad3,0x880c479,0x880c4ba,0x880c4fb,HorseType|ArmorType
Recruit (2),0x2da,0x332,0x37,0x3a,0x2c,0x0,0x8a,0x28,18,5,3,3,6,0,6,5,60,20,20,20,20,20,20,3,75,45,40,40,25,35,30,2,1,1,1,2,1,0x0,NoRank,DRank,NoRank,NoRank,NoRank,NoRank,NoRank,NoRank,0x0,0x880b849,0x880b849,0x880b849,0x880c479,0x880c4ba,0x880c4fb,0x0
Journeyman (3),0x2d8,0x324,0x38,0x7e,0x2d,0x0,0x74,0x27,28,8,5,6,5,0,8,6,60,26,29,28,23,23,20,3,85,55,40,32,18,20,30,4,1,2,2,2,2,IsPromoted,NoRank,NoRank,CRank,NoRank,NoRank,NoRank,NoRank,NoRank,0x0,0x880b8cb,0x880b8cb,0x880b8cb,0x880c479,0x880c4ba,0x880c4fb,0x0
Pupil (3),0x2d9,0x325,0x39,0x7f,0x2e,0x0,0x7c,0x29,20,5,4,4,5,5,5,6,60,29,28,27,21,26,20,3,55,55,40,35,10,30,30,4,2,0,1,3,3,IsPromoted,NoRank,NoRank,NoRank,NoRank,NoRank,CRank,NoRank,NoRank,0x0,0x880ba10,0x880ba10,0x880ba10,0x880c479,0x880c4ba,0x880c4fb,0x0
Recruit (3),0x2da,0x332,0x3a,0x37,0x2c,0x0,0x8a,0x28,23,6,6,11,7,6,6,6,60,23,30,29,22,26,20,3,75,45,40,40,25,35,30,2,2,1,1,2,1,IsPromoted,NoRank,CRank,NoRank,NoRank,NoRank,NoRank,NoRank,NoRank,0x0,0x880b849,0x880b849,0x880b849,0x880c479,0x880c4ba,0x880c4fb,0x0
Manakete,0x2d7,0x323,0x3b,0x1f,0x2f,0x0,0xa9,0x1f,20,0,0,2,1,1,25,3,60,20,20,20,20,20,25,3,95,40,30,20,0,10,15,0,0,0,0,0,0,UseMonsterWeapons|IsPromoted,NoRank,NoRank,NoRank,NoRank,NoRank,NoRank,NoRank,NoRank,0x0,0x880bb96,0x880bb96,0x880bb96,0x880c53c,0x880c57d,0x880c5be,DragonType
Manakete (F),0x2d7,0x323,0x3c,0x20,0x30,0x0,0x8f,0x1f,12,0,0,2,2,2,5,6,60,20,20,20,20,20,20,2,95,40,30,20,0,10,15,0,0,0,0,0,0,UseMonsterWeapons,NoRank,NoRank,NoRank,NoRank,NoRank,NoRank,NoRank,NoRank,0x0,0x880bb96,0x880bb96,0x880bb96,0x880c53c,0x880c57d,0x880c5be,DragonType
Journeyman (1),0x2d8,0x324,0x3d,0x0,0x2d,0x0,0x74,0x27,14,3,0,1,1,0,8,4,60,20,20,20,20,20,20,1,85,55,40,32,18,20,30,0,0,0,0,0,0,TraineeLevelCap,NoRank,NoRank,ERank,NoRank,NoRank,NoRank,NoRank,NoRank,0x0,0x880b8cb,0x880b8cb,0x880b8cb,0x880c479,0x880c4ba,0x880c4fb,0x0
Pupil (1),0x2d9,0x325,0x3e,0x0,0x2e,0x0,0x7c,0x29,13,1,0,1,0,3,5,4,60,20,20,20,20,20,20,1,55,55,40,35,10,30,30,0,0,0,0,0,0,TraineeLevelCap,NoRank,NoRank,NoRank,NoRank,NoRank,ERank,NoRank,NoRank,0x0,0x880ba10,0x880ba10,0x880ba10,0x880c479,0x880c4ba,0x880c4fb,0x0
Fighter,0x2dc,FighterDesc,Fighter,0x40,0x31,0x0,0x74,0x23,25,10,7,5,3,1,12,6,60,20,20,20,20,20,20,2,95,65,50,40,20,10,15,0,0,0,0,0,0,0x0,NoRank,NoRank,DRank,NoRank,NoRank,NoRank,NoRank,NoRank,0x88af434,0x880b8cb,0x880b8cb,0x880b8cb,0x880c479,0x880c4ba,0x880c4fb,0x0
Warrior,0x2dd,WarriorDesc,Warrior,0x3f,0x32,0x0,0x75,0x25,30,15,10,7,4,2,14,6,60,30,30,30,30,30,30,3,95,65,50,40,20,10,15,0,0,0,0,0,0,IsPromoted,NoRank,NoRank,CRank,CRank,NoRank,NoRank,NoRank,NoRank,WarriorAnims|IsPointer,0x880b8cb,0x880b8cb,0x880b8cb,0x880c479,0x880c4ba,0x880c4fb,0x0
Brigand,0x2de,BrigandDesc,Brigand,0x43,0x33,0x0,0x8b,0x0,22,9,4,7,2,1,10,6,60,20,20,20,20,20,20,3,80,60,35,50,15,10,20,0,0,0,0,0,0,0x0,NoRank,NoRank,DRank,NoRank,NoRank,NoRank,NoRank,NoRank,0x88af468,0x880b94d,0x880b94d,0x880b94d,0x880c479,0x880c4ba,0x880c4fb,0x0
Pirate,0x2ee,0x33a,0x42,0x43,0x34,0x0,0x8c,0x24,19,4,2,6,3,0,10,6,60,20,20,20,20,20,20,3,80,60,35,50,15,10,20,0,0,0,0,0,0,0x0,NoRank,NoRank,DRank,NoRank,NoRank,NoRank,NoRank,NoRank,0x88af480,0x880b98e,0x880b98e,0x880b98e,0x880c479,0x880c4ba,0x880c4fb,0x0
Berserker,0x2df,BerserkerDesc,Berserker,0x42,0x35,0x0,0x8d,0x26,25,13,9,10,3,2,13,6,60,30,30,30,30,30,30,4,80,60,35,50,15,10,20,0,0,0,0,0,0,IsPromoted|ArmsMaster,NoRank,NoRank,BRank,NoRank,NoRank,NoRank,NoRank,NoRank,0x88af498,0x880b90c,0x880b90c,0x880b90c,0x880c479,0x880c4ba,0x880c4fb,0x0
Monk,0x2e4,MonkDesc,Monk,0x0,0x36,0x0,MonkClassCard,0x17,16,4,7,8,2,6,6,6,60,20,20,20,20,20,20,5,50,35,50,55,10,35,30,0,0,0,0,0,0,0x0,NoRank,NoRank,NoRank,NoRank,NoRank,DRank,NoRank,NoRank,MonkAnims|IsPointer,0x880ba10,0x880ba10,0x880ba10,0x880c479,0x880c4ba,0x880c4fb,0x0
Priest,0x2e9,ClericDesc,Priest,0x27,0x37,0x0,0x7a,0x15,20,5,8,7,4,3,9,6,60,20,20,20,20,20,20,3,70,40,55,50,25,20,20,0,0,0,0,0,0,0x0,NoRank,NoRank,NoRank,NoRank,DRank,NoRank,NoRank,NoRank,0x88AF4C4,0x880ba10,0x880ba10,0x880ba10,0x880c479,0x880c4ba,0x880c4fb,0x0
Bard,0x2e5,0x331,0x46,0x0,0x38,0x0,0x8b,0x0,14,1,2,7,1,0,6,6,60,10,10,30,24,26,20,3,45,45,30,60,0,13,60,0,0,0,0,0,0,CanPlay,NoRank,NoRank,NoRank,NoRank,NoRank,NoRank,NoRank,NoRank,0x0,0x880b849,0x880b849,0x880b849,0x880c479,0x880c4ba,0x880c4fb,0x0
Recruit (1),0x2da,0x332,0x47,0x0,0x2c,0x0,0x8a,0x28,13,3,0,1,0,1,6,4,60,20,20,20,20,20,20,1,75,45,40,40,25,35,30,0,0,0,0,0,0,TraineeLevelCap,NoRank,ERank,NoRank,NoRank,NoRank,NoRank,NoRank,NoRank,0x0,0x880b849,0x880b849,0x880b849,0x880c479,0x880c4ba,0x880c4fb,0x0
Pegasus Knight,PegasusRiderName,PegasusRiderDesc,PegasusRider,Falcoknight,PegasusRiderMapSprite,0x0,PegasusRiderClassCard,0x10,19,4,8,9,3,5,7,7,60,20,20,20,20,20,25,5,65,35,55,60,20,30,30,0,0,0,0,0,0,MountedAid|PegIcon,DRank,NoRank,NoRank,NoRank,NoRank,NoRank,NoRank,NoRank,PegasusRiderAnims|IsPointer,0x880bb96,0x880bb96,0x880bb96,0x880c53c,0x880c57d,0x880c5be,FlierType
Falcon Knight,0x2e8,FalcoknightDesc,Falcoknight,PegasusRider,0x3a,0x0,FalcoknightClassCard,0x11,21,6,12,13,4,7,9,7,60,30,30,30,30,30,30,7,65,35,55,60,20,30,30,0,0,0,0,0,0,MountedAid|HasFlightPlus|PegIcon|IsPromoted,CRank,NoRank,NoRank,NoRank,NoRank,NoRank,NoRank,NoRank,SeraphAnims|IsPointer,0x880bb96,0x880bb96,0x880bb96,0x880c53c,0x880c57d,0x880c5be,FlierType
Cleric,0x2e9,ClericDesc,Cleric,0x2c,0x3b,0x0,0x7a,0x16,20,5,8,7,4,3,9,6,60,20,20,20,20,20,20,3,70,40,55,50,25,20,20,0,0,0,0,0,0,0x0,NoRank,NoRank,NoRank,NoRank,DRank,NoRank,NoRank,NoRank,0x88AF4F8,0x880ba10,0x880ba10,0x880ba10,0x880c479,0x880c4ba,0x880c4fb,0x0
Troubadour,0x2ea,TroubadourDesc,Troubadour,0x4c,0x3c,0x0,0x82,0x19,18,3,8,8,3,4,7,8,60,20,20,20,20,20,20,5,60,30,55,55,20,25,30,0,0,0,0,0,0,MountedAid|HasCanto|HorseIcon,NoRank,NoRank,NoRank,NoRank,DRank,NoRank,NoRank,NoRank,0x88AF504,0x880ba92,0x880ba92,0x880ba92,0x880c479,0x880c4ba,0x880c4fb,HorseType
Savior,SaviorName,SaviorDesc,Savior,Troubadour,0x3d,0x0,0x83,0x1a,19,4,12,12,4,6,8,8,60,30,30,30,30,30,30,8,60,30,55,55,20,25,30,0,0,0,0,0,0,IsPromoted|MountedAid|HorseIcon|HasCantoPlus,NoRank,NoRank,NoRank,NoRank,CRank,NoRank,NoRank,NoRank,0x88AF510,0x880bad3,0x880bad3,0x880bad3,0x880c479,0x880c4ba,0x880c4fb,HorseType
Dancer,0x2ec,0x338,0x4d,0x0,0x3e,0x0,0x8b,0x2a,14,1,2,7,0,1,4,5,60,10,10,30,24,26,20,2,45,45,30,60,0,13,60,0,0,0,0,0,0,CanDance,NoRank,NoRank,NoRank,NoRank,NoRank,NoRank,NoRank,NoRank,0x0,0x880b849,0x880b849,0x880b849,0x880c479,0x880c4ba,0x880c4fb,0x0
Soldier,0x2ed,SoldierDesc,Soldier,Halberdier,SoldierMapSprite,0x0,0x8a,0x0,23,7,9,5,5,3,10,6,60,20,20,20,20,20,20,5,85,50,60,40,30,20,30,0,0,0,0,0,0,0x0,NoRank,DRank,NoRank,NoRank,NoRank,NoRank,NoRank,NoRank,SoldierAnims|IsPointer,0x880b849,0x880b849,0x880b849,0x880c479,0x880c4ba,0x880c4fb,0x0
Necromancer,0x2ef,0x33b,0x4f,0x2d,0x40,0x0,0x7f,0x2b,18,9,4,5,3,8,7,6,80,30,25,25,30,30,25,3,45,55,30,25,10,35,10,0,0,0,0,0,0,IsPromoted|Summoning,NoRank,NoRank,NoRank,NoRank,SRank,SRank,NoRank,NoRank,0x0,0x880ba10,0x880ba10,0x880ba10,0x880c479,0x880c4ba,0x880c4fb,0x0
Fleet,0x2f0,0x33c,0x50,0x0,0x41,0x0,0x92,0x0,19,1,1,2,5,0,25,3,60,20,20,20,30,20,25,3,75,35,40,32,15,15,5,0,0,0,0,0,0,0x0,NoRank,NoRank,NoRank,CRank,NoRank,NoRank,NoRank,NoRank,0x0,0x880b98e,0x880b98e,0x880b98e,0x880c479,0x880c4ba,0x880c4fb,0x0
Phantom,0x2f1,0x33d,0x51,0x0,0x42,0x0,0x98,0x1e,1,5,2,4,0,0,11,5,1,20,20,20,0,0,20,3,0,55,35,45,15,15,40,0,0,0,0,0,0,0x0,NoRank,NoRank,CRank,NoRank,NoRank,NoRank,NoRank,NoRank,0x0,0x880bb96,0x880bb96,0x880bb96,0x880c53c,0x880c57d,0x880c5be,0x0
Revenant,0x2f2,0x33e,0x52,0x53,0x43,0x0,0x99,0x0,25,2,0,0,0,0,6,4,60,20,20,20,20,20,20,3,95,50,30,20,10,13,0,0,0,0,0,0,0,UseMonsterWeapons,NoRank,NoRank,NoRank,NoRank,NoRank,NoRank,NoRank,NoRank,0x0,0x880b849,0x880b849,0x880b849,0x880c479,0x880c4ba,0x880c4fb,MonsterType
Entombed,0x2f3,0x33f,0x53,0x52,0x44,0x0,0x9a,0x0,35,3,0,1,0,0,6,5,80,25,22,21,24,22,25,1,85,40,25,17,10,13,40,0,0,0,0,0,0,UseMonsterWeapons|IsPromoted,NoRank,NoRank,NoRank,NoRank,NoRank,NoRank,NoRank,NoRank,0x0,0x880b849,0x880b849,0x880b849,0x880c479,0x880c4ba,0x880c4fb,MonsterType
Bonewalker,0x2f4,0x340,0x54,0x56,0x45,0x0,0x9b,0x0,20,4,2,3,3,0,7,5,60,20,20,20,20,20,20,3,80,50,30,20,12,15,0,0,0,0,0,0,0,SwordmasterUnlock,CRank,CRank,NoRank,NoRank,NoRank,NoRank,NoRank,NoRank,0x0,0x880b849,0x880b849,0x880b849,0x880c479,0x880c4ba,0x880c4fb,MonsterType
Bonewalker (Bow),0x2f4,0x340,0x55,0x57,0x46,0x0,0x9b,0x0,18,4,3,2,3,0,6,5,60,20,20,20,20,20,20,3,70,35,40,32,15,15,0,0,0,0,0,0,0,0x0,NoRank,NoRank,NoRank,CRank,NoRank,NoRank,NoRank,NoRank,0x0,0x880b849,0x880b849,0x880b849,0x880c479,0x880c4ba,0x880c4fb,MonsterType
Wight,0x2f5,0x341,0x56,0x54,0x47,0x0,0x9c,0x0,21,7,5,6,5,2,9,6,60,24,28,26,22,23,25,3,65,25,25,20,15,22,0,0,0,0,0,0,0,SwordmasterUnlock|IsPromoted,ARank,ARank,NoRank,NoRank,NoRank,NoRank,NoRank,NoRank,0x0,0x880b849,0x880b849,0x880b849,0x880c479,0x880c4ba,0x880c4fb,MonsterType
Wight (Bow),0x2f5,0x341,0x57,0x55,0x48,0x0,0x9c,0x0,21,6,6,5,5,2,8,6,60,25,30,28,25,23,20,3,65,30,30,20,15,20,0,0,0,0,0,0,0,IsPromoted,NoRank,NoRank,NoRank,ARank,NoRank,NoRank,NoRank,NoRank,0x0,0x880b849,0x880b849,0x880b849,0x880c479,0x880c4ba,0x880c4fb,MonsterType
Bael,0x2f6,0x342,0x58,0x59,0x49,0x0,0x9d,0x0,25,6,3,3,6,1,12,5,60,30,28,26,26,22,25,3,82,50,30,20,18,13,5,0,0,0,0,0,0,UseMonsterWeapons,NoRank,NoRank,NoRank,NoRank,NoRank,NoRank,NoRank,NoRank,0x0,0x880b94d,0x880b94d,0x880b94d,0x880c479,0x880c4ba,0x880c4fb,MonsterType
Elder Bael,0x2f7,0x343,0x59,0x58,0x4a,0x0,0x9e,0x0,36,8,5,5,9,4,15,6,80,30,28,26,26,22,25,3,85,45,25,20,21,17,0,0,0,0,0,0,0,UseMonsterWeapons|IsPromoted,NoRank,NoRank,NoRank,NoRank,NoRank,NoRank,NoRank,NoRank,0x0,0x880b94d,0x880b94d,0x880b94d,0x880c479,0x880c4ba,0x880c4fb,MonsterType
Cyclops,0x2f8,0x344,0x5a,0x9,0x4b,0x0,0x9f,0x0,40,8,5,6,13,0,16,5,80,29,29,28,30,25,25,3,95,30,35,25,24,25,0,0,0,0,0,0,0,IsPromoted,NoRank,NoRank,ARank,NoRank,NoRank,NoRank,NoRank,NoRank,0x0,0x880b8cb,0x880b8cb,0x880b8cb,0x880c479,0x880c4ba,0x880c4fb,MonsterType
Mauthe Doog,0x2f9,0x345,0x5b,0x5c,0x4c,0x0,0xa0,0x0,16,4,10,10,2,0,6,7,60,20,20,20,20,20,20,3,70,35,45,45,15,20,20,0,0,0,0,0,0,UseMonsterWeapons,NoRank,NoRank,NoRank,NoRank,NoRank,NoRank,NoRank,NoRank,0x0,0x880bb14,0x880bb14,0x880bb14,0x880c479,0x880c4ba,0x880c4fb,MonsterType
Gwyllgi,0x2fa,0x346,0x5c,0x5b,0x4d,0x0,0xa1,0x0,21,6,12,12,5,2,8,8,60,24,29,30,22,23,20,3,65,28,35,35,16,22,15,0,0,0,0,0,0,UseMonsterWeapons|IsPromoted,NoRank,NoRank,NoRank,NoRank,NoRank,NoRank,NoRank,NoRank,0x0,0x880bb55,0x880bb55,0x880bb55,0x880c479,0x880c4ba,0x880c4fb,MonsterType
Tarvos,0x2fb,0x347,0x5d,0x5e,0x4e,0x0,0xa2,0x0,21,6,2,5,7,0,10,7,60,20,20,20,20,20,20,3,80,35,40,28,15,15,0,0,0,0,0,0,0,0x0,NoRank,NoRank,CRank,NoRank,NoRank,NoRank,NoRank,NoRank,0x0,0x880bb14,0x880bb14,0x880bb14,0x880c479,0x880c4ba,0x880c4fb,MonsterType
Maelduin,0x2fc,0x348,0x5e,0x5d,0x4f,0x0,0xa3,0x0,25,8,4,7,9,3,12,8,80,25,26,24,25,25,25,3,75,30,30,18,13,20,0,0,0,0,0,0,0,IsPromoted,NoRank,NoRank,ARank,ARank,NoRank,NoRank,NoRank,NoRank,0x0,0x880bb55,0x880bb55,0x880bb55,0x880c479,0x880c4ba,0x880c4fb,MonsterType
Mogall,0x2fd,0x349,0x5f,0x60,0x50,0x0,0xa4,0x0,15,2,1,2,2,4,4,5,60,20,20,20,20,20,20,3,50,45,32,30,10,28,20,0,0,0,0,0,0,UseMonsterWeapons,NoRank,NoRank,NoRank,NoRank,NoRank,CRank,NoRank,NoRank,0x0,0x880bb96,0x880bb96,0x880bb96,0x880c53c,0x880c57d,0x880c5be,MonsterType
Arch Mogall,0x2fe,0x34a,0x60,0x5f,0x51,0x0,0xa5,0x0,17,6,3,3,3,7,5,6,60,29,26,26,20,29,20,3,45,55,30,25,10,28,10,0,0,0,0,0,0,UseMonsterWeapons|IsPromoted,NoRank,NoRank,NoRank,NoRank,NoRank,ARank,NoRank,NoRank,0x0,0x880bb96,0x880bb96,0x880bb96,0x880c53c,0x880c57d,0x880c5be,MonsterType
Gorgon,0x2ff,0x34b,0x61,0x5f,0x52,0x0,0xa6,0x0,19,8,3,4,5,7,11,6,60,29,26,26,21,28,25,3,45,60,30,25,10,40,20,0,0,0,0,0,0,UseMonsterWeapons|IsPromoted,NoRank,NoRank,NoRank,NoRank,NoRank,ARank,NoRank,NoRank,0x0,0x880ba10,0x880ba10,0x880ba10,0x880c479,0x880c4ba,0x880c4fb,MonsterType
Gorgon Egg,0x300,0x34c,0x62,0x0,0x53,0x0,0xa6,0x0,50,0,0,0,10,10,6,0,60,30,30,30,30,30,30,3,100,0,0,0,0,0,0,0,0,0,0,0,0,0x0,NoRank,NoRank,NoRank,NoRank,NoRank,NoRank,NoRank,NoRank,0x0,0x0,0x0,0x0,0x880c479,0x880c4ba,0x880c4fb,MonsterType
Gargoyle,0x301,0x34d,0x63,0x64,0x54,0x0,0xa7,0x0,19,6,3,6,6,0,8,6,60,20,20,20,20,20,20,3,80,45,35,35,25,15,0,0,0,0,0,0,0,0x0,NoRank,CRank,NoRank,NoRank,NoRank,NoRank,NoRank,NoRank,0x0,0x880bb96,0x880bb96,0x880bb96,0x880c53c,0x880c57d,0x880c5be,MonsterType
Deathgoyle,0x302,0x34e,0x64,0x63,0x55,0x0,0xa8,0x0,23,8,5,8,9,1,11,7,60,27,25,23,28,22,25,3,75,40,30,25,20,17,0,0,0,0,0,0,0,IsPromoted,NoRank,ARank,NoRank,NoRank,NoRank,NoRank,NoRank,NoRank,0x0,0x880bb96,0x880bb96,0x880bb96,0x880c53c,0x880c57d,0x880c5be,MonsterType
Dracozombie,0x303,0x34f,0x65,0x1f,0x56,0x0,0xa9,0x0,53,1,0,1,0,3,25,5,100,50,50,50,50,50,25,3,85,35,20,20,30,10,15,0,0,0,0,0,0,UseMonsterWeapons|IsPromoted,NoRank,NoRank,NoRank,NoRank,NoRank,NoRank,NoRank,NoRank,0x0,0x880bb96,0x880bb96,0x880bb96,0x880c53c,0x880c57d,0x880c5be,MonsterType
Demon King,0x304,0x350,0x66,0x1f,0x57,0x0,0xaa,0x0,120,23,20,18,25,25,25,2,120,50,50,50,50,50,25,5,95,40,30,20,20,20,15,0,0,0,0,0,0,UseMonsterWeapons|IsPromoted,NoRank,NoRank,NoRank,NoRank,NoRank,NoRank,NoRank,NoRank,0x0,0x880bbd7,0x880bbd7,0x880bbd7,0x880c479,0x880c4ba,0x880c4fb,MonsterType
Archer on Ballista,0x0,0x0,0x67,0x0,0x58,0x0,0x0,0x0,0,0,0,0,0,0,0,0,0,0,0,0,0,0,0,3,0,0,0,0,0,10,0,0,0,0,0,0,0,0x0,NoRank,NoRank,NoRank,NoRank,NoRank,NoRank,NoRank,NoRank,0x0,0x0,0x0,0x0,0x880c479,0x880c4ba,0x880c4fb,0x0
Archer on Iron Ballista,0x0,0x0,0x68,0x0,0x59,0x0,0x0,0x0,0,0,0,0,0,0,0,0,0,0,0,0,0,0,0,0,0,0,0,0,0,0,0,0,0,0,0,0,0,0x0,NoRank,NoRank,NoRank,NoRank,NoRank,NoRank,NoRank,NoRank,0x0,0x0,0x0,0x0,0x880c479,0x880c4ba,0x880c4fb,0x0
Archer on Killer Ballista,0x0,0x0,0x69,0x0,0x5a,0x0,0x0,0x0,0,0,0,0,0,0,0,0,0,0,0,0,0,0,0,0,0,0,0,0,0,0,0,0,0,0,0,0,0,0x0,NoRank,NoRank,NoRank,NoRank,NoRank,NoRank,NoRank,NoRank,0x0,0x0,0x0,0x0,0x880c479,0x880c4ba,0x880c4fb,0x0
Ballista,0x0,0x0,0x6a,0x0,0x5b,0x0,0x0,0x0,0,0,0,0,0,0,0,0,0,0,0,0,0,0,0,0,0,0,0,0,0,0,0,0,0,0,0,0,0,0x0,NoRank,NoRank,NoRank,NoRank,NoRank,NoRank,NoRank,NoRank,0x0,0x0,0x0,0x0,0x880c479,0x880c4ba,0x880c4fb,0x0
Iron Ballista,0x0,0x0,0x6b,0x0,0x5c,0x0,0x0,0x0,0,0,0,0,0,0,0,0,0,0,0,0,0,0,0,0,0,0,0,0,0,0,0,0,0,0,0,0,0,0x0,NoRank,NoRank,NoRank,NoRank,NoRank,NoRank,NoRank,NoRank,0x0,0x0,0x0,0x0,0x880c479,0x880c4ba,0x880c4fb,0x0
Killer Ballista,0x0,0x0,0x6c,0x0,0x5d,0x0,0x0,0x0,0,0,0,0,0,0,0,0,0,0,0,0,0,0,0,0,0,0,0,0,0,0,0,0,0,0,0,0,0,0x0,NoRank,NoRank,NoRank,NoRank,NoRank,NoRank,NoRank,NoRank,0x0,0x0,0x0,0x0,0x880c479,0x880c4ba,0x880c4fb,0x0
Civilian,0x305,0x351,0x6d,0x0,0x5e,0x1,0x5e,0x0,16,3,3,3,3,3,3,5,60,20,20,20,20,20,20,3,10,0,0,0,0,10,0,0,0,0,0,0,0,0x0,NoRank,NoRank,NoRank,NoRank,NoRank,NoRank,NoRank,NoRank,0x0,0x880ba51,0x880ba51,0x880ba51,0x880c479,0x880c4ba,0x880c4fb,0x0
Civilian (F),0x305,0x351,0x6e,0x0,0x5f,0x1,0x63,0x0,16,3,3,3,3,3,3,5,60,20,20,20,20,20,20,3,10,0,0,0,0,10,0,0,0,0,0,0,0,0x0,NoRank,NoRank,NoRank,NoRank,NoRank,NoRank,NoRank,NoRank,0x0,0x880ba51,0x880ba51,0x880ba51,0x880c479,0x880c4ba,0x880c4fb,0x0
Civilian,0x305,0x351,0x6f,0x0,0x60,0x1,0x59,0x0,16,3,3,3,3,3,3,5,60,20,20,20,20,20,20,3,10,0,0,0,0,10,0,0,0,0,0,0,0,0x0,NoRank,NoRank,NoRank,NoRank,NoRank,NoRank,NoRank,NoRank,0x0,0x880ba51,0x880ba51,0x880ba51,0x880c479,0x880c4ba,0x880c4fb,0x0
Civilian (F),0x305,0x351,0x70,0x0,0x61,0x1,0x62,0x0,16,3,3,3,3,3,3,5,60,20,20,20,20,20,20,3,10,0,0,0,0,10,0,0,0,0,0,0,0,0x0,NoRank,NoRank,NoRank,NoRank,NoRank,NoRank,NoRank,NoRank,0x0,0x880ba51,0x880ba51,0x880ba51,0x880c479,0x880c4ba,0x880c4fb,0x0
Civilian,0x305,0x351,0x71,0x0,0x60,0x1,0x5c,0x0,16,3,3,3,3,3,3,5,60,20,20,20,20,20,20,3,10,0,0,0,0,10,0,0,0,0,0,0,0,0x0,NoRank,NoRank,NoRank,NoRank,NoRank,NoRank,NoRank,NoRank,0x0,0x880ba51,0x880ba51,0x880ba51,0x880c479,0x880c4ba,0x880c4fb,0x0
Civilian (F),0x305,0x351,0x72,0x0,0x61,0x1,0x61,0x0,16,3,3,3,3,3,3,5,60,20,20,20,20,20,20,3,10,0,0,0,0,10,0,0,0,0,0,0,0,0x0,NoRank,NoRank,NoRank,NoRank,NoRank,NoRank,NoRank,NoRank,0x0,0x880ba51,0x880ba51,0x880ba51,0x880c479,0x880c4ba,0x880c4fb,0x0
Peer,0x0,0x0,0x73,0x0,0x62,0x1,0x1,0x0,10,0,0,0,0,0,8,5,60,20,20,20,20,20,20,1,10,0,0,0,0,10,0,0,0,0,0,0,0,0x0,NoRank,NoRank,NoRank,NoRank,NoRank,NoRank,NoRank,NoRank,0x0,0x880ba51,0x880ba51,0x880ba51,0x880c479,0x880c4ba,0x880c4fb,0x0
Queen,0x307,0x353,0x74,0x0,0x63,0x1,0x1,0x0,10,0,0,0,0,0,5,5,60,20,20,20,20,20,20,1,10,0,0,0,0,10,0,0,0,0,0,0,0,0x0,NoRank,NoRank,NoRank,NoRank,NoRank,NoRank,NoRank,NoRank,0x0,0x880ba51,0x880ba51,0x880ba51,0x880c479,0x880c4ba,0x880c4fb,0x0
Prince,0x0,0x0,0x75,0x0,0x64,0x1,0x1,0x0,10,0,0,0,0,0,7,5,60,20,20,20,20,20,20,1,10,0,0,0,0,10,0,0,0,0,0,0,0,0x0,NoRank,NoRank,NoRank,NoRank,NoRank,NoRank,NoRank,NoRank,0x0,0x880ba51,0x880ba51,0x880ba51,0x880c479,0x880c4ba,0x880c4fb,0x0
Queen,0x307,0x353,0x76,0x0,0x65,0x1,0x1,0x0,10,0,0,0,0,0,6,5,60,20,20,20,20,20,20,1,10,0,0,0,0,10,0,0,0,0,0,0,0,0x0,NoRank,NoRank,NoRank,NoRank,NoRank,NoRank,NoRank,NoRank,0x0,0x880ba51,0x880ba51,0x880ba51,0x880c479,0x880c4ba,0x880c4fb,0x0
(empty),0x0,0x0,0x77,0x0,0x66,0x0,0x0,0x0,0,0,0,0,0,0,0,0,0,0,0,0,0,0,0,0,0,0,0,0,0,0,0,0,0,0,0,0,0,0x0,NoRank,NoRank,NoRank,NoRank,NoRank,NoRank,NoRank,NoRank,0x0,0x0,0x0,0x0,0x880c479,0x880c4ba,0x880c4fb,0x0
Fallen Prince,0x0,0x0,0x78,0x0,0x67,0x1,0x1,0x0,10,0,0,0,0,0,25,5,60,20,20,20,20,20,20,1,10,0,0,0,0,10,0,0,0,0,0,0,0,0x0,NoRank,NoRank,NoRank,NoRank,NoRank,NoRank,NoRank,NoRank,0x0,0x880ba51,0x880ba51,0x880ba51,0x880c479,0x880c4ba,0x880c4fb,0x0
Tent,0x0,0x0,0x79,0x0,0x68,0x1,0x1,0x0,15,0,3,3,3,0,25,0,60,20,20,20,20,20,25,1,10,0,0,0,0,10,0,0,0,0,0,0,0,CannotControl|IsSupply,NoRank,NoRank,NoRank,NoRank,NoRank,NoRank,NoRank,NoRank,0x0,0x880ba51,0x880ba51,0x880ba51,0x880c479,0x880c4ba,0x880c4fb,0x0
Pontifex,0x306,0x352,0x7a,0x0,0x69,0x1,0x1,0x0,10,0,0,0,0,0,8,5,60,20,20,20,20,20,20,1,10,0,0,0,0,10,0,0,0,0,0,0,0,0x0,NoRank,NoRank,NoRank,NoRank,NoRank,NoRank,NoRank,NoRank,0x0,0x880ba51,0x880ba51,0x880ba51,0x880c479,0x880c4ba,0x880c4fb,0x0
Dead Peer,DeadPeerName,DeadPeerDesc,0x7b,0x0,0x6a,0x1,0x1,0x0,10,0,0,0,0,0,25,5,60,20,20,20,20,20,20,1,10,0,0,0,0,10,0,0,0,0,0,0,0,0x0,NoRank,NoRank,NoRank,NoRank,NoRank,NoRank,NoRank,NoRank,0x0,0x880ba51,0x880ba51,0x880ba51,0x880c479,0x880c4ba,0x880c4fb,0x0
Cyclops,0x2f8,0x344,0x7c,0x9,0x4b,0x0,0x9f,0x0,40,8,5,6,13,0,16,5,80,29,29,28,30,25,25,3,95,30,35,25,24,25,0,0,0,0,0,0,0,IsPromoted,NoRank,NoRank,SRank,NoRank,NoRank,NoRank,NoRank,NoRank,0x0,0x880b8cb,0x880b8cb,0x880b8cb,0x880c479,0x880c4ba,0x880c4fb,MonsterType
Elder Bael,0x2f7,0x343,0x7d,0x58,0x4a,0x0,0x9e,0x0,36,8,5,5,9,4,15,6,80,30,28,26,26,22,25,3,85,45,25,20,21,17,0,0,0,0,0,0,0,UseMonsterWeapons|IsPromoted,NoRank,NoRank,NoRank,NoRank,NoRank,NoRank,NoRank,NoRank,0x0,0x880b94d,0x880b94d,0x880b94d,0x880c479,0x880c4ba,0x880c4fb,MonsterType
Journeyman (2),0x2d8,0x324,0x7e,0x38,0x2d,0x0,0x74,0x27,20,5,3,4,2,1,8,5,60,20,20,20,20,20,20,3,85,55,40,32,18,20,30,0,0,0,0,0,0,0x0,NoRank,NoRank,DRank,NoRank,NoRank,NoRank,NoRank,NoRank,0x0,0x880b8cb,0x880b8cb,0x880b8cb,0x880c479,0x880c4ba,0x880c4fb,0x0
Pupil (2),0x2d9,0x325,0x7f,0x39,0x2e,0x0,0x7c,0x29,17,2,3,3,3,3,5,5,60,20,20,20,20,20,20,3,55,55,40,35,10,30,30,0,0,0,0,0,0,0x0,NoRank,NoRank,NoRank,NoRank,NoRank,DRank,NoRank,NoRank,0x0,0x880ba10,0x880ba10,0x880ba10,0x880c479,0x880c4ba,0x880c4fb,0x0
Captain,CaptainName,CaptainDesc,Captain,0x39,CaptainMapSprite,0x0,0x7c,0x29,30,11,13,13,7,5,10,6,60,30,30,30,30,30,30,9,75,45,50,50,25,15,20,0,0,0,0,0,0,0x0,BRank,NoRank,NoRank,NoRank,NoRank,NoRank,NoRank,CRank,0x0,0x880b849,0x880b849,0x880b849,0x880c479,0x880c4ba,0x880c4fb,0x0
Ninja,NinjaName,NinjaDesc,Ninja,MasterNinja,NinjaMapSprite,0x0,NinjaClassCard,0x29,18,4,9,10,4,4,6,6,60,20,20,20,20,20,20,7,60,35,60,65,25,25,40,0,0,0,0,0,0,0x0,NoRank,NoRank,NoRank,NoRank,NoRank,NoRank,DRank,NoRank,NinjaAnims|IsPointer,0x880b849,0x880b849,0x880b849,0x880c479,0x880c4ba,0x880c4fb,0x0
Vanguard,VanguardName,VanguardDesc,Vanguard,Dreadnought,VanguardMapSprite,0x1,VanguardClassCard,0x29,22,9,5,3,7,1,13,5,60,20,20,20,20,20,20,2,80,60,40,30,40,10,15,0,0,0,0,0,0,0x0,NoRank,DRank,DRank,NoRank,NoRank,NoRank,NoRank,NoRank,VanguardAnims|IsPointer,0x880b849,0x880b849,0x880b849,0x880c479,0x880c4ba,0x880c4fb,ArmorType
Curate,CurateName,CurateDesc,Curate,Sage,CurateMapSprite,0x0,0x7c,0x29,17,2,4,7,2,7,7,6,60,20,20,20,20,20,20,5,55,25,35,50,15,40,30,0,0,0,0,0,0,0x0,NoRank,NoRank,NoRank,NoRank,DRank,NoRank,NoRank,NoRank,CurateAnims|IsPointer,0x880b849,0x880b849,0x880b849,0x880c479,0x880c4ba,0x880c4fb,0x0
Deserter,DeserterName,DeserterDesc,Deserter,Champion,DeserterMapSprite,0x0,DeserterClassCard,0x29,24,8,7,6,3,1,11,6,60,20,20,20,20,20,20,2,90,55,50,45,20,10,15,0,0,0,0,0,0,0x0,NoRank,DRank,NoRank,NoRank,NoRank,NoRank,NoRank,NoRank,DeserterAnims|IsPointer,0x880b849,0x880b849,0x880b849,0x880c479,0x880c4ba,0x880c4fb,0x0
Hunter,HunterName,HunterDesc,Hunter,0x39,HunterMapSprite,0x0,HunterMClassCard,0x29,18,5,6,10,2,5,7,6,60,20,20,20,20,20,20,5,60,40,45,65,15,30,30,0,0,0,0,0,0,0x0,NoRank,NoRank,NoRank,DRank,NoRank,NoRank,NoRank,NoRank,HunterMAnims|IsPointer,0x880b849,0x880b849,0x880b849,0x880c479,0x880c4ba,0x880c4fb,0x0
Gunner,GunnerName,GunnerDesc,Gunner,0x39,GunnerMapSprite,0x0,0x7c,0x29,18,2,9,8,2,1,7,6,60,20,20,20,20,20,20,4,60,25,60,55,15,10,25,0,0,0,0,0,0,0x0,NoRank,NoRank,NoRank,NoRank,NoRank,NoRank,NoRank,DRank,0x0,0x880b849,0x880b849,0x880b849,0x880c479,0x880c4ba,0x880c4fb,0x0
SwordCav,SwordCavName,SwordCavDesc,SwordCav,0x39,SwordCavMapSprite,0x0,SwordCavClassCard,0x29,20,6,7,7,4,1,8,8,60,20,20,20,20,20,20,4,70,45,50,50,25,10,25,0,0,0,0,0,0,MountedAid|HasCanto|HorseIcon,DRank,NoRank,NoRank,NoRank,NoRank,NoRank,NoRank,NoRank,SwordCavAnims|IsPointer,0x880ba92,0x880ba92,0x880ba92,0x880c479,0x880c4ba,0x880c4fb,HorseType
AxeCav,AxeCavName,AxeCavDesc,AxeCav,0x39,AxeCavMapSprite,0x0,AxeCavClassCard,0x29,22,8,5,5,5,1,11,8,60,20,20,20,20,20,20,2,80,55,40,40,30,10,15,0,0,0,0,0,0,MountedAid|HasCanto|HorseIcon,NoRank,NoRank,DRank,NoRank,NoRank,NoRank,NoRank,NoRank,AxeCavAnims|IsPointer,0x880ba92,0x880ba92,0x880ba92,0x880c479,0x880c4ba,0x880c4fb,HorseType
GriffinRider,GriffinRiderName,GriffinRiderDesc,GriffinRider,0x39,GriffinRiderMapSprite,0x0,GriffinRiderClassCard,0x29,20,6,7,7,5,3,9,7,60,20,20,20,20,20,20,4,70,45,50,50,30,20,25,0,0,0,0,0,0,MountedAid|PegIcon,NoRank,DRank,NoRank,NoRank,NoRank,NoRank,NoRank,NoRank,GriffinRiderAnims|IsPointer,0x880bb96,0x880bb96,0x880bb96,0x880c53c,0x880c57d,0x880c5be,FlierType
Hunter_F,HunterName,HunterDesc,Hunter_F,0x39,Hunter_FMapSprite,0x0,HunterFClassCard,0x29,18,5,6,10,2,5,7,6,60,20,20,20,20,20,20,5,60,40,45,65,15,30,30,0,0,0,0,0,0,0x0,NoRank,NoRank,NoRank,DRank,NoRank,NoRank,NoRank,NoRank,HunterFAnims|IsPointer,0x880b849,0x880b849,0x880b849,0x880c479,0x880c4ba,0x880c4fb,0x0
Champion,ChampionName,ChampionDesc,Champion,Deserter,ChampionMapSprite,0x0,0x7c,0x29,28,12,10,9,4,2,14,6,60,30,30,30,30,30,30,3,90,55,50,45,20,10,15,0,0,0,0,0,0,IsPromoted,CRank,CRank,NoRank,NoRank,NoRank,NoRank,NoRank,NoRank,0x0,0x880b849,0x880b849,0x880b849,0x880c479,0x880c4ba,0x880c4fb,0x0
Log,LogName,LogDesc,Log,0x39,LogMapSprite,0x0,0x7c,0x29,1,0,0,0,0,0,0,0,60,20,20,20,20,20,20,0,0,0,0,0,0,0,0,0,0,0,0,0,0,0x0,NoRank,NoRank,NoRank,NoRank,NoRank,NoRank,NoRank,NoRank,0x0,0x880b849,0x880b849,0x880b849,0x880c479,0x880c4ba,0x880c4fb,0x0
Master Ninja,MasterNinjaName,MasterNinjaDesc,MasterNinja,Ninja,MasterNinjaMapSprite,0x0,MasterNinjaClassCard,0x29,19,6,13,15,6,6,8,6,60,30,30,30,30,30,30,10,60,35,60,65,25,25,40,0,0,0,0,0,0,IsPromoted,CRank,NoRank,NoRank,NoRank,NoRank,NoRank,CRank,NoRank,MasterNinjaAnims|IsPointer,0x880b849,0x880b849,0x880b849,0x880c479,0x880c4ba,0x880c4fb,0x0
Marshall,DreadnoughtName,DreadnoughtDesc,Dreadnought,Vanguard,DreadnoughtMapSprite,0x1,MarshallClassCard,0x29,27,14,9,6,10,2,15,5,60,30,30,30,30,30,30,3,85,60,45,35,40,10,15,0,0,0,0,0,0,IsPromoted,NoRank,CRank,CRank,CRank,NoRank,NoRank,NoRank,NoRank,MarshallAnims|IsPointer,0x880b849,0x880b849,0x880b849,0x880c479,0x880c4ba,0x880c4fb,ArmorType
Seraph,SeraphName,SeraphDesc,Seraph,PegasusRider,SeraphMapSprite,0x0,0x87,0x29,20,5,9,12,4,9,8,7,60,30,30,30,30,30,30,7,60,30,45,55,15,35,30,0,0,0,0,0,0,MountedAid|PegIcon|IsPromoted,CRank,NoRank,NoRank,NoRank,CRank,NoRank,NoRank,NoRank,SeraphAnims|IsPointer,0x880bb96,0x880bb96,0x880bb96,0x880c53c,0x880c57d,0x880c5be,FlierType
Bombardier,BombardierName,BombardierDesc,Bombardier,GriffinRider,BombardierMapSprite,0x0,BombardierClassCard,0x29,24,10,12,10,6,4,10,7,60,30,30,30,30,30,30,5,75,50,55,50,25,15,20,0,0,0,0,0,0,MountedAid|PegIcon|IsPromoted,NoRank,CRank,NoRank,CRank,NoRank,NoRank,NoRank,NoRank,BombardierAnims|IsPointer,0x880bb96,0x880bb96,0x880bb96,0x880c53c,0x880c57d,0x880c5be,FlierType
Bomb,BombClassName,BombClassDesc,BombClass,0x0,BombMapSprite,0x0,BombClassCard,0x29,12,0,0,0,0,0,20,0,60,20,20,20,20,20,20,0,75,45,55,40,30,15,30,0,0,0,0,0,0,0x0,NoRank,NoRank,NoRank,NoRank,NoRank,NoRank,NoRank,NoRank,0x0,0x880bb96,0x880bb96,0x880bb96,0x880c53c,0x880c57d,0x880c5be,0x0
Trickster,TricksterName,TricksterDesc,Trickster,Monk,TricksterMapSprite,0x0,TricksterClassCard,0x29,19,6,12,13,5,7,7,6,60,30,30,30,30,30,30,9,55,35,55,60,20,30,35,0,0,0,0,0,0,IsPromoted,NoRank,NoRank,NoRank,NoRank,NoRank,CRank,CRank,NoRank,TricksterAnims|IsPointer,0x880b849,0x880b849,0x880b849,0x880c479,0x880c4ba,0x880c4fb,MageType
BowCav,BowCavName,BowCavDesc,BowCav,Ranger,BowCavMapSprite,0x0,BowCavClassCard,0x29,19,6,9,7,3,1,8,8,60,20,20,20,20,20,20,5,65,45,60,50,20,10,30,0,0,0,0,0,0,MountedAid|HasCanto|HorseIcon,NoRank,NoRank,NoRank,DRank,NoRank,NoRank,NoRank,NoRank,BowCavAnims|IsPointer,0x880ba92,0x880ba92,0x880ba92,0x880c479,0x880c4ba,0x880c4fb,HorseType
Runeshield,RuneshieldName,RuneshieldDesc,Runeshield,Warden,RuneshieldMapSprite,0x1,RuneshieldClassCard,0x29,26,9,9,4,11,4,12,5,60,30,30,30,30,30,30,2,80,45,45,30,45,20,10,0,0,0,0,0,0,IsPromoted,CRank,CRank,NoRank,NoRank,NoRank,CRank,NoRank,NoRank,RuneshieldAnims|IsPointer,0x880b849,0x880b849,0x880b849,0x880c479,0x880c4ba,0x880c4fb,ArmorType
Wolf Knight,WolfKnightName,WolfKnightDesc,WolfKnight,Thief,WolfKnightMapSprite,0x0,DeserterClassCard,0x29,25,10,9,10,6,4,11,8,60,30,30,30,30,30,30,7,80,50,45,50,25,15,25,0,0,0,0,0,0,IsPromoted|HasCanto,NoRank,CRank,NoRank,NoRank,NoRank,NoRank,CRank,NoRank,WolfKnightAnims|IsPointer,0x880ba92,0x880ba92,0x880ba92,0x880c479,0x880c4ba,0x880c4fb,HorseType
Fighter (F),0x2dc,FighterDesc,Fighter_F,Warrior,Fighter_FMapSprite,0x0,Fighter_FClassCard,0x23,25,10,7,5,4,1,13,6,60,20,20,20,20,20,20,2,95,65,50,40,25,10,15,0,0,0,0,0,0,IsFemale,NoRank,NoRank,DRank,NoRank,NoRank,NoRank,NoRank,NoRank,Fighter_FAnims|IsPointer,0x880b8cb,0x880b8cb,0x880b8cb,0x880c479,0x880c4ba,0x880c4fb,0x0
Slayer,SlayerName,SlayerDesc,Slayer,Myrmidon,SlayerMapSprite,0x0,SlayerClassCard,0x23,19,7,12,12,3,7,8,6,60,30,30,30,30,30,30,9,60,40,55,55,15,25,35,0,0,0,0,0,0,IsPromoted,CRank,NoRank,NoRank,NoRank,NoRank,CRank,NoRank,NoRank,SlayerAnims|IsPointer,0x880b808,0x880b808,0x880b808,0x880c479,0x880c4ba,0x880c4fb,0x0
Slayer (F),SlayerName,SlayerDesc,Slayer_F,Myrmidon_F,Slayer_FMapSprite,0x0,Slayer_FClassCard,0x23,19,7,12,12,3,7,8,6,60,30,30,30,30,30,30,9,60,40,55,55,15,25,35,0,0,0,0,0,0,IsPromoted|IsFemale,CRank,NoRank,NoRank,NoRank,NoRank,CRank,NoRank,NoRank,Slayer_FAnims|IsPointer,0x880b808,0x880b808,0x880b808,0x880c479,0x880c4ba,0x880c4fb,0x0
Monk (F),0x2e4,MonkDesc,Monk_F,Trickster_F,Monk_FMapSprite,0x0,Monk_FClassCard,0x17,16,4,7,8,2,6,6,6,60,20,20,20,20,20,20,5,50,35,50,55,10,35,30,0,0,0,0,0,0,IsFemale,NoRank,NoRank,NoRank,NoRank,NoRank,DRank,NoRank,NoRank,Monk_FAnims|IsPointer,0x880ba10,0x880ba10,0x880ba10,0x880c479,0x880c4ba,0x880c4fb,0x0
Trickster (F),TricksterName,TricksterDesc,Trickster_F,Monk_F,TricksterMapSprite,0x0,TricksterClassCard,0x29,19,6,12,13,5,7,7,6,60,30,30,30,30,30,30,9,55,35,55,60,20,30,35,0,0,0,0,0,0,IsPromoted|IsFemale,NoRank,NoRank,NoRank,NoRank,NoRank,CRank,CRank,NoRank,TricksterAnims|IsPointer,0x880b849,0x880b849,0x880b849,0x880c479,0x880c4ba,0x880c4fb,0x0
War Monk,WarMonkName,WarMonkDesc,WarMonk,Priest,WarMonkMapSprite,0x0,WarMonkClassCard,0x29,24,10,9,10,5,4,12,6,60,30,30,30,30,30,30,4,75,50,45,50,20,15,20,0,0,0,0,0,0,IsPromoted,NoRank,NoRank,CRank,NoRank,CRank,NoRank,NoRank,NoRank,WarMonkAnims|IsPointer,0x880b849,0x880b849,0x880b849,0x880c479,0x880c4ba,0x880c4fb,0x0
War Monk (F),WarMonkName,WarMonkDesc,WarMonk_F,Cleric,WarMonk_FMapSprite,0x0,WarMonk_FClassCard,0x29,24,10,9,10,5,4,12,6,60,30,30,30,30,30,30,4,75,50,45,50,20,15,20,0,0,0,0,0,0,IsPromoted|IsFemale,NoRank,NoRank,CRank,NoRank,CRank,NoRank,NoRank,NoRank,WarMonk_FAnims|IsPointer,0x880b849,0x880b849,0x880b849,0x880c479,0x880c4ba,0x880c4fb,0x0
Halberdier,HalberdierName,HalberdierDesc,Halberdier,Soldier,HalberdierMapSprite,0x0,HalberdierClassCard,0x29,27,10,13,7,7,4,12,6,60,30,30,30,30,30,30,7,85,50,60,40,30,20,30,0,0,0,0,0,0,IsPromoted|ArmsMaster,NoRank,BRank,NoRank,NoRank,NoRank,NoRank,NoRank,NoRank,HalberdierAnims|IsPointer,0x880b849,0x880b849,0x880b849,0x880c479,0x880c4ba,0x880c4fb,0x0
Adventurer,AdventurerName,AdventurerDesc,Adventurer,Cleric,AdventurerMapSprite,0x0,AdventurerClassCard,0x29,21,7,10,12,5,6,9,6,60,30,30,30,30,30,30,6,65,40,50,55,20,25,25,0,0,0,0,0,0,IsPromoted,NoRank,NoRank,NoRank,CRank,CRank,NoRank,NoRank,NoRank,AdventurerAnims|IsPointer,0x880b849,0x880b849,0x880b849,0x880c479,0x880c4ba,0x880c4fb,0x0
Adventurer (F),AdventurerName,AdventurerDesc,Adventurer_F,Cleric,Adventurer_FMapSprite,0x0,Adventurer_FClassCard,0x29,21,7,10,12,5,6,9,6,60,30,30,30,30,30,30,6,65,40,50,55,20,25,25,0,0,0,0,0,0,IsPromoted,NoRank,NoRank,NoRank,CRank,CRank,NoRank,NoRank,NoRank,Adventurer_FAnims|IsPointer,0x880b849,0x880b849,0x880b849,0x880c479,0x880c4ba,0x880c4fb,0x0
Malig Knight,MaligKnightName,MaligKnightDesc,MaligKnight,DragonRider,MaligKnightMapSprite,0x0,MaligKnightClassCard,0x29,24,10,7,7,7,4,12,7,60,30,30,30,30,30,30,4,75,50,40,40,30,15,15,0,0,0,0,0,0,MountedAid|DragonIcon|IsPromoted,NoRank,NoRank,CRank,NoRank,NoRank,CRank,NoRank,NoRank,MaligKnightAnims|IsPointer,0x880bb96,0x880bb96,0x880bb96,0x880c53c,0x880c57d,0x880c5be,FlierType
Warrior (F),0x2dd,WarriorDesc,Warrior_F,Fighter_F,Warrior_FMapSprite,0x0,Warrior_FClassCard,0x25,30,15,10,7,4,2,15,6,60,30,30,30,30,30,30,3,95,65,50,40,20,10,15,0,0,0,0,0,0,IsPromoted|IsFemale,NoRank,NoRank,CRank,CRank,NoRank,NoRank,NoRank,NoRank,Warrior_FAnims|IsPointer,0x880b8cb,0x880b8cb,0x880b8cb,0x880c479,0x880c4ba,0x880c4fb,0x0
Dragoon,DragoonName,DragoonDesc,Dragoon,Gunner,DragoonMapSprite,0x0,DragoonClassCard,0x20,21,5,12,11,5,2,9,8,60,30,30,30,30,30,30,6,65,35,55,55,20,10,25,0,0,0,0,0,0,IsPromoted|MountedAid|HasCanto|HorseIcon,CRank,NoRank,NoRank,NoRank,NoRank,NoRank,NoRank,CRank,0x0,0x880ba92,0x880ba92,0x880ba92,0x880c479,0x880c4ba,0x880c4fb,HorseType
Gryphknight,GryphknightName,GryphknightDesc,Gryphknight,GriffinRider,GryphknightMapSprite,0x0,GriffinRiderClassCard,0x29,22,9,10,10,7,4,11,7,60,30,30,30,30,30,30,6,70,45,50,50,30,20,25,0,0,0,0,0,0,MountedAid|PegIcon|HasFlightPlus|IsPromoted,NoRank,CRank,NoRank,NoRank,NoRank,NoRank,NoRank,NoRank,BombardierAnims|IsPointer,0x880bb96,0x880bb96,0x880bb96,0x880c53c,0x880c57d,0x880c5be,FlierType
Marksman,MarksmanName,MarksmanDesc,Marksman,Gunner,MarksmanMapSprite,0x0,0x7c,0x29,19,3,13,12,4,2,10,6,60,30,30,30,30,30,30,6,60,25,60,55,15,10,25,0,0,0,0,0,0,IsPromoted|ArmsMaster,NoRank,NoRank,NoRank,NoRank,NoRank,NoRank,NoRank,BRank,0x0,0x880b8cb,0x880b8cb,0x880b8cb,0x880c479,0x880c4ba,0x880c4fb,0x0
Sword Knight,SwordKnightName,SwordKnightDesc,SwordKnight,SwordCav,SwordKnightMapSprite,0x0,SwordKnightClassCard,0x29,22,9,10,10,7,2,10,8,60,30,30,30,30,30,30,6,70,45,50,50,25,10,25,0,0,0,0,0,0,IsPromoted|MountedAid|HorseIcon|HasCantoPlus,CRank,NoRank,NoRank,NoRank,NoRank,NoRank,NoRank,NoRank,0x0,0x880ba92,0x880ba92,0x880ba92,0x880c479,0x880c4ba,0x880c4fb,HorseType
Axe Knight,AxeKnightName,AxeKnightDesc,AxeKnight,AxeCav,AxeKnightMapSprite,0x0,AxeKnightClassCard,0x29,25,12,7,7,7,2,13,8,60,30,30,30,30,30,30,3,80,55,40,40,30,10,15,0,0,0,0,0,0,IsPromoted|MountedAid|HorseIcon|HasCantoPlus,NoRank,NoRank,CRank,NoRank,NoRank,NoRank,NoRank,NoRank,AxeKnightAnims|IsPointer,0x880ba92,0x880ba92,0x880ba92,0x880c479,0x880c4ba,0x880c4fb,HorseType
Lance Knight,LanceKnightName,LanceKnightDesc,LanceKnight,LanceCav,LanceKnightMapSprite,0x0,LanceKnightClassCard,0x29,24,10,9,9,9,2,12,8,60,30,30,30,30,30,30,4,75,50,45,45,35,10,20,0,0,0,0,0,0,IsPromoted|MountedAid|HorseIcon|HasCantoPlus,NoRank,CRank,NoRank,NoRank,NoRank,NoRank,NoRank,NoRank,LanceKnightAnims|IsPointer,0x880ba92,0x880ba92,0x880ba92,0x880c479,0x880c4ba,0x880c4fb,HorseType
Bow Knight,BowKnightName,BowKnightDesc,BowKnight,BowCav,BowKnightMapSprite,0x0,BowKnightClassCard,0x29,21,9,13,10,4,3,10,8,60,30,30,30,30,30,30,7,65,45,60,50,20,10,30,0,0,0,0,0,0,IsPromoted|MountedAid|HorseIcon|HasCantoPlus,NoRank,NoRank,NoRank,CRank,NoRank,NoRank,NoRank,NoRank,BowKnightAnims|IsPointer,0x880ba92,0x880ba92,0x880ba92,0x880c479,0x880c4ba,0x880c4fb,HorseType
Horse,HorseName,HorseDesc,HorseClass,0x0,HorseMapSprite,0x0,BowKnightClassCard,0x29,21,9,13,10,4,3,10,8,60,30,30,30,30,30,30,7,65,45,60,50,20,10,30,0,0,0,0,0,0,MountedAid|HasCanto|HorseIcon,NoRank,NoRank,NoRank,CRank,NoRank,NoRank,NoRank,NoRank,BowKnightAnims|IsPointer,0x880ba92,0x880ba92,0x880ba92,0x880c479,0x880c4ba,0x880c4fb,HorseType
